,influencer_id,influencer_name,influencer_main_genre,influencer_active_start
0,759491,The Exploited,Pop/Rock,1980
2,66915,Bob Dylan,Pop/Rock,1960
3,71209,Leonard Cohen,Pop/Rock,1950
4,91438,The Gun Club,Pop/Rock,1980
5,113823,Chrissie Hynde,Pop/Rock,1970
6,132710,Crime & the City Solution,Pop/Rock,1980
7,208582,Lesley Gore,Pop/Rock,1960
9,397880,Nick Cave,Pop/Rock,1970
10,489999,The Raincoats,Pop/Rock,1970
11,492331,Pretenders,Pop/Rock,1970
12,615119,Tom Waits,Pop/Rock,1970
13,651107,Marianne Faithfull,Pop/Rock,1960
14,747445,Patti Smith,Pop/Rock,1970
15,755156,Sonic Youth,Pop/Rock,1980
16,838272,Pere Ubu,Pop/Rock,1970
17,895136,Pixies,Pop/Rock,1980
18,899530,The Smiths,Pop/Rock,1980
19,960690,X,Pop/Rock,1970
20,988638,Captain Beefheart,Pop/Rock,1960
21,75264,Bad Brains,Pop/Rock,1970
22,91650,Black Flag,Pop/Rock,1970
23,112789,Korn,Pop/Rock,1990
24,134729,Faith No More,Pop/Rock,1980
26,295756,Santana,Pop/Rock,1960
27,359326,Primus,Pop/Rock,1990
28,446509,Metallica,Pop/Rock,1980
29,485135,311,Pop/Rock,1990
30,579839,Suicidal Tendencies,Pop/Rock,1980
31,741746,Sepultura,Pop/Rock,1980
32,789064,Extreme,Pop/Rock,1980
33,790820,Tool,Pop/Rock,1990
34,796045,Fishbone,Pop/Rock,1970
35,806829,Jane's Addiction,Pop/Rock,1980
36,825087,Living Colour,Pop/Rock,1980
37,863790,Rage Against the Machine,Pop/Rock,1990
38,883318,Red Hot Chili Peppers,Pop/Rock,1980
41,748421,Trey Anastasio,Pop/Rock,1980
42,5953,Alice Cooper,Pop/Rock,1960
44,59537,Blue Cheer,Pop/Rock,1960
45,61938,Blue ?–yster Cult,Pop/Rock,1960
47,81493,Killing Joke,Pop/Rock,1970
48,84209,Kiss,Pop/Rock,1970
50,130932,Crazy Horse,Pop/Rock,1960
51,139026,Led Zeppelin,Pop/Rock,1960
52,182598,MC5,Pop/Rock,1960
54,200968,Gene Simmons,Pop/Rock,1960
55,349157,Melvins,Pop/Rock,1980
56,354105,Jimi Hendrix,Pop/Rock,1960
57,379125,Neil Young,Pop/Rock,1960
60,485791,Wipers,Pop/Rock,1970
61,490004,Ramones,Pop/Rock,1970
62,503913,Mountain,Pop/Rock,1960
63,562304,The Stooges,Pop/Rock,1960
64,574772,AC/DC,Pop/Rock,1970
65,604852,Aerosmith,Pop/Rock,1970
66,623985,Budgie,Pop/Rock,1960
67,754032,The Beatles,Pop/Rock,1960
69,771438,Black Sabbath,Pop/Rock,1960
70,772567,Iron Butterfly,Pop/Rock,1960
71,840402,The Velvet Underground,Pop/Rock,1960
72,8828,Spice Girls,Pop/Rock,1990
73,81403,Boney M.,Pop/Rock,1970
74,546214,Gwen Stefani,Pop/Rock,1980
75,628467,Britney Spears,Pop/Rock,1990
88,50493,Soulfly,Pop/Rock,1990
89,96977,In Flames,Pop/Rock,1990
90,97325,Biohazard,Pop/Rock,1980
91,219966,Vision of Disorder,Pop/Rock,1990
92,561105,Hatebreed,Pop/Rock,1990
93,607053,At the Gates,Pop/Rock,1990
101,38936,Simon & Garfunkel,Pop/Rock,1950
102,41874,The Beach Boys,Pop/Rock,1960
105,642542,Burt Bacharach,Pop/Rock,1950
113,346336,Pink Floyd,Pop/Rock,1960
118,840102,Jefferson Airplane,Pop/Rock,1960
119,988440,Grateful Dead,Pop/Rock,1960
120,133969,Joan Armatrading,Pop/Rock,1970
129,112462,Cream,Pop/Rock,1960
132,187478,Eric Clapton,Pop/Rock,1960
133,192382,Deep Purple,Pop/Rock,1960
134,240865,Jeff Beck,Pop/Rock,1960
135,255371,Leslie West,Pop/Rock,1960
137,489303,The Yardbirds,Pop/Rock,1960
139,831381,Robin Trower,Pop/Rock,1960
140,894465,The Rolling Stones,Pop/Rock,1960
141,18977,Barry Manilow,Pop/Rock,1970
142,19297,America,Pop/Rock,1970
143,297894,Poco,Pop/Rock,1960
144,517607,Brand New,Pop/Rock,2000
145,583618,Sunny Day Real Estate,Pop/Rock,1990
146,626463,Stone Temple Pilots,Pop/Rock,1990
147,859509,Quicksand,Pop/Rock,1990
152,649950,George Martin,Pop/Rock,1950
163,131627,Creedence Clearwater Revival,Pop/Rock,1960
164,137580,The Cramps,Pop/Rock,1970
165,170369,Lynyrd Skynyrd,Pop/Rock,1960
166,207735,Charlie Feathers,Pop/Rock,1950
167,240311,Link Wray,Pop/Rock,1950
168,289177,Sam the Sham & the Pharaohs,Pop/Rock,1960
170,332141,Jerry Lee Lewis,Pop/Rock,1950
171,519637,Brian Setzer,Pop/Rock,1980
172,578028,Mojo Nixon,Pop/Rock,1980
173,584923,Dave Edmunds,Pop/Rock,1960
174,690254,ZZ Top,Pop/Rock,1970
175,744265,Tony Joe White,Pop/Rock,1960
176,767068,Keith Richards,Pop/Rock,1960
178,921965,The Ventures,Pop/Rock,1950
179,923384,Molly Hatchet,Pop/Rock,1970
184,123007,The Dickies,Pop/Rock,1970
185,490141,The Weirdos,Pop/Rock,1970
188,31380,Paula Abdul,Pop/Rock,1980
189,122754,Cyndi Lauper,Pop/Rock,1970
192,237205,Madonna,Pop/Rock,1980
195,664817,Gloria Estefan,Pop/Rock,1970
197,100160,The Kinks,Pop/Rock,1960
198,577627,The Who,Pop/Rock,1960
218,887806,Oleta Adams,Pop/Rock,1980
221,22124,Slayer,Pop/Rock,1980
224,98465,Iron Maiden,Pop/Rock,1970
225,105422,Corrosion of Conformity,Pop/Rock,1980
226,163386,Exhorder,Pop/Rock,1980
228,246611,Judas Priest,Pop/Rock,1960
229,260206,Van Halen,Pop/Rock,1970
230,287259,Saint Vitus,Pop/Rock,1980
231,315403,Venom,Pop/Rock,1970
232,371258,Napalm Death,Pop/Rock,1980
233,386253,Negative Approach,Pop/Rock,1980
234,406294,Megadeth,Pop/Rock,1980
235,424244,Ozzy Osbourne,Pop/Rock,1960
237,490952,Anthrax,Pop/Rock,1980
238,501407,Mot??rhead,Pop/Rock,1970
239,561715,Godflesh,Pop/Rock,1980
241,588450,Annihilator,Pop/Rock,1980
243,673208,Manowar,Pop/Rock,1980
244,749970,Ted Nugent,Pop/Rock,1950
245,751910,Testament,Pop/Rock,1980
247,925852,Anvil,Pop/Rock,1970
248,957085,Danzig,Pop/Rock,1980
249,1098,Soundgarden,Pop/Rock,1980
252,223627,John Frusciante,Pop/Rock,1980
254,280956,Rollins Band,Pop/Rock,1980
255,351733,Nine Inch Nails,Pop/Rock,1980
256,357406,Nirvana,Pop/Rock,1980
257,388198,Neurosis,Pop/Rock,1980
260,506513,Mr. Bungle,Pop/Rock,1980
261,572737,Helmet,Pop/Rock,1980
268,825251,Marilyn Manson,Pop/Rock,1980
272,120521,Chuck Berry,Pop/Rock,1950
273,180228,Elvis Presley,Pop/Rock,1950
278,799053,Donovan,Pop/Rock,1960
279,824022,Little Richard,Pop/Rock,1950
282,22928,Steppenwolf,Pop/Rock,1960
284,46120,The Amboy Dukes,Pop/Rock,1960
286,76057,King Crimson,Pop/Rock,1960
288,114342,The Doors,Pop/Rock,1960
289,137474,Laura Nyro,Pop/Rock,1960
290,138699,Frank Zappa,Pop/Rock,1950
294,311674,Vanilla Fudge,Pop/Rock,1960
299,489676,The Pretty Things,Pop/Rock,1960
321,37730,Pearl Jam,Pop/Rock,1990
322,39258,Paul Westerberg,Pop/Rock,1980
323,47789,BoDeans,Pop/Rock,1980
324,51992,Big Star,Pop/Rock,1970
326,78741,The Connells,Pop/Rock,1980
327,130173,Crowded House,Pop/Rock,1980
328,184043,Foo Fighters,Pop/Rock,1990
329,287917,Lindsey Buckingham,Pop/Rock,1960
330,350840,Jimmy Buffett,Pop/Rock,1960
331,387530,Matthew Sweet,Pop/Rock,1980
332,490554,The Posies,Pop/Rock,1980
333,612716,Tom Petty,Pop/Rock,1970
334,853492,Marshall Crenshaw,Pop/Rock,1980
335,898479,The Smithereens,Pop/Rock,1980
336,936425,Todd Rundgren,Pop/Rock,1960
337,987491,Gram Parsons,Pop/Rock,1960
338,11707,Steely Dan,Pop/Rock,1970
340,43714,Bee Gees,Pop/Rock,1960
341,46925,"Blood, Sweat & Tears",Pop/Rock,1960
342,96964,Boz Scaggs,Pop/Rock,1960
344,110161,Chicago,Pop/Rock,1960
345,130689,Jackson Browne,Pop/Rock,1960
346,136871,The Doobie Brothers,Pop/Rock,1970
347,277351,Loggins & Messina,Pop/Rock,1970
348,481461,Orleans,Pop/Rock,1970
349,674662,Manfred Mann,Pop/Rock,1960
350,685647,Yes,Pop/Rock,1960
352,796734,Elton John,Pop/Rock,1960
383,36537,Steve Howe,Pop/Rock,1960
384,89021,Jimmy Page,Pop/Rock,1950
388,209142,George Harrison,Pop/Rock,1950
390,307135,Rick Nielsen,Pop/Rock,1970
392,496405,The Shadows,Pop/Rock,1950
394,805785,Joe Satriani,Pop/Rock,1970
396,842351,Pete Townshend,Pop/Rock,1960
398,152312,Jack Bruce,Pop/Rock,1960
428,55128,Bo Diddley,Pop/Rock,1940
429,58616,The Champs,Pop/Rock,1950
433,773642,The Kingsmen,Pop/Rock,1950
435,50251,Blind Melon,Pop/Rock,1990
436,88180,Kid Rock,Pop/Rock,1980
449,798606,Fugazi,Pop/Rock,1980
459,139908,The Cult,Pop/Rock,1980
464,418740,Sex Pistols,Pop/Rock,1970
471,671953,Heart,Pop/Rock,1970
474,891063,Misfits,Pop/Rock,1970
493,817011,Was (Not Was),Pop/Rock,1980
496,59293,The Mamas & the Papas,Pop/Rock,1960
499,575051,Herman's Hermits,Pop/Rock,1960
500,65590,The Flaming Lips,Pop/Rock,1980
503,189678,Galaxie 500,Pop/Rock,1980
504,325459,R.E.M.,Pop/Rock,1980
507,422405,The Replacements,Pop/Rock,1970
508,545726,Guided by Voices,Pop/Rock,1980
510,621944,The Boo Radleys,Pop/Rock,1980
511,752314,Pavement,Pop/Rock,1980
513,780625,Cracker,Pop/Rock,1990
517,922911,Mojave 3,Pop/Rock,1990
518,39013,Alkaline Trio,Pop/Rock,1990
519,305363,Saves the Day,Pop/Rock,1990
520,563834,Dag Nasty,Pop/Rock,1980
522,690456,Youth of Today,Pop/Rock,1990
523,781766,Cro-Mags,Pop/Rock,1990
524,808944,Jawbreaker,Pop/Rock,1980
525,855836,The Promise Ring,Pop/Rock,1990
526,178906,Jawbox,Pop/Rock,1980
527,219203,U2,Pop/Rock,1970
531,803026,Government Issue,Pop/Rock,1980
535,11754,Sheena Easton,Pop/Rock,1980
536,22257,Patty Smyth,Pop/Rock,1980
540,159433,Take That,Pop/Rock,1990
544,228099,Howard Jones,Pop/Rock,1980
545,235923,Leif Garrett,Pop/Rock,1960
547,246960,Wham!,Pop/Rock,1980
548,290590,Samantha Fox,Pop/Rock,1980
550,354722,Rick Astley,Pop/Rock,1980
551,390477,New Kids on the Block,Pop/Rock,1980
553,484145,The Partridge Family,Pop/Rock,1960
554,495338,Ace of Base,Pop/Rock,1990
555,545074,George Michael,Pop/Rock,1980
557,776093,Kylie Minogue,Pop/Rock,1980
565,253142,Scott Walker,Pop/Rock,1950
569,590441,Young Marble Giants,Pop/Rock,1980
576,270491,Joni Mitchell,Pop/Rock,1960
583,834108,Sarah McLachlan,Pop/Rock,1980
586,167320,Fear Factory,Pop/Rock,1980
587,178122,Filter,Pop/Rock,1990
588,420133,Ministry,Pop/Rock,1980
590,820115,White Zombie,Pop/Rock,1980
593,393345,Oasis,Pop/Rock,1990
594,564333,The Stone Roses,Pop/Rock,1980
606,7731,Papa Roach,Pop/Rock,1990
607,7920,Alice in Chains,Pop/Rock,1980
611,543595,Candlebox,Pop/Rock,1990
613,750742,Slipknot,Pop/Rock,1990
614,782768,Creed,Pop/Rock,1990
615,813946,Deftones,Pop/Rock,1980
620,12472,Traffic,Pop/Rock,1960
622,20050,Ten Years After,Pop/Rock,1960
623,36106,Steve Miller Band,Pop/Rock,1960
624,38490,The Band,Pop/Rock,1960
626,77175,Bob Weir,Pop/Rock,1960
630,178536,Edgar Winter,Pop/Rock,1970
632,265440,Jorma Kaukonen,Pop/Rock,1960
633,307461,Van Morrison,Pop/Rock,1950
634,313284,Little Feat,Pop/Rock,1960
635,317417,Quicksilver Messenger Service,Pop/Rock,1960
636,745964,The Allman Brothers Band,Pop/Rock,1960
640,127337,Be Bop Deluxe,Pop/Rock,1970
641,183858,Gary Numan,Pop/Rock,1970
642,217622,Japan,Pop/Rock,1970
645,531986,David Bowie,Pop/Rock,1960
646,617196,Brian Eno,Pop/Rock,1970
647,645474,David Essex,Pop/Rock,1970
649,809266,Ultravox,Pop/Rock,1970
650,852855,Roxy Music,Pop/Rock,1970
651,62823,Bad Religion,Pop/Rock,1980
653,202545,Generation X,Pop/Rock,1970
654,385611,Redd Kross,Pop/Rock,1980
659,335,PJ Harvey,Pop/Rock,1990
660,158309,Pat Benatar,Pop/Rock,1970
661,225930,Liz Phair,Pop/Rock,1990
663,680476,Hole,Pop/Rock,1980
664,792530,Tori Amos,Pop/Rock,1980
680,740833,Grant Lee Buffalo,Pop/Rock,1990
683,205180,Dr. John,Pop/Rock,1950
689,625739,Stevie Ray Vaughan,Pop/Rock,1970
703,809058,Jay & the Americans,Pop/Rock,1960
708,325401,Petula Clark,Pop/Rock,1930
709,473554,Olivia Newton-John,Pop/Rock,1960
713,686897,Linda Ronstadt,Pop/Rock,1960
714,936190,Stevie Nicks,Pop/Rock,1960
717,175196,Carlos Santana,Pop/Rock,1960
750,493122,The Rascals,Pop/Rock,1960
751,543055,Georgie Fame,Pop/Rock,1950
753,631774,The Byrds,Pop/Rock,1960
754,751019,The Animals,Pop/Rock,1960
756,925181,Them,Pop/Rock,1960
763,152023,Everclear,Pop/Rock,1990
777,165663,Twisted Sister,Pop/Rock,1970
778,193320,Def Leppard,Pop/Rock,1970
781,299471,Scorpions,Pop/Rock,1960
786,745241,Status Quo,Pop/Rock,1960
788,897214,The Rutles,Pop/Rock,1970
791,34899,Soul Coughing,Pop/Rock,1990
792,51376,The Fall,Pop/Rock,1970
794,167287,Frank Black,Pop/Rock,1980
796,219483,Dinosaur Jr.,Pop/Rock,1980
797,290812,Joy Division,Pop/Rock,1970
798,364399,Public Image Ltd.,Pop/Rock,1970
803,842802,Peter Gabriel,Pop/Rock,1970
805,990384,Thee Oh Sees,Pop/Rock,2000
815,300245,Rick Wakeman,Pop/Rock,1960
823,70715,Bobby Darin,Pop/Rock,1950
825,144847,Eagles,Pop/Rock,1970
831,765722,The Collins Kids,Pop/Rock,1950
833,814606,Wanda Jackson,Pop/Rock,1950
837,31685,Paul Simon,Pop/Rock,1950
839,96613,Bonnie Raitt,Pop/Rock,1960
840,117490,Chris Smither,Pop/Rock,1970
844,147635,Carly Simon,Pop/Rock,1970
845,159214,Dusty Springfield,Pop/Rock,1950
846,166785,Dan Fogelberg,Pop/Rock,1960
847,174557,Carole King,Pop/Rock,1950
848,182900,Fleetwood Mac,Pop/Rock,1960
849,184091,Don Henley,Pop/Rock,1970
850,204386,James Taylor,Pop/Rock,1960
851,248798,Judee Sill,Pop/Rock,1970
856,359016,Richard Thompson,Pop/Rock,1960
857,359966,Rickie Lee Jones,Pop/Rock,1970
858,688400,Willis Alan Ramsey,Pop/Rock,1970
860,812046,John Hiatt,Pop/Rock,1970
861,816387,Leon Russell,Pop/Rock,1950
864,962339,Dave Mason,Pop/Rock,1960
875,15694,Teenage Fanclub,Pop/Rock,1980
876,29791,Paul Weller,Pop/Rock,1970
877,29884,Paul McCartney,Pop/Rock,1950
878,31556,Supergrass,Pop/Rock,1990
879,36521,Smashing Pumpkins,Pop/Rock,1980
882,79044,The Lightning Seeds,Pop/Rock,1980
883,112185,James,Pop/Rock,1980
885,145128,Echo & the Bunnymen,Pop/Rock,1970
886,212131,Ride,Pop/Rock,1980
888,240665,Jeff Buckley,Pop/Rock,1990
890,326249,Radiohead,Pop/Rock,1990
895,575522,The Verve,Pop/Rock,1990
899,793425,Feeder,Pop/Rock,1990
900,815537,Del Amitri,Pop/Rock,1980
903,954964,Manic Street Preachers,Pop/Rock,1990
907,10412,Spin Doctors,Pop/Rock,1980
908,21744,Stephen Stills,Pop/Rock,1960
911,103484,Indigo Girls,Pop/Rock,1980
919,848034,Jim Croce,Pop/Rock,1960
922,31274,Alan Parsons,Pop/Rock,1970
923,199995,Genesis,Pop/Rock,1960
924,253861,Jon Anderson,Pop/Rock,1960
926,404434,The Moody Blues,Pop/Rock,1960
928,798992,"Emerson, Lake & Palmer",Pop/Rock,1970
930,61480,The Guess Who,Pop/Rock,1960
931,131581,"Crosby, Stills & Nash",Pop/Rock,1960
932,162233,Fairport Convention,Pop/Rock,1960
957,5882,T. Rex,Pop/Rock,1960
958,44764,Blondie,Pop/Rock,1970
959,75747,The Clash,Pop/Rock,1970
967,79960,Boston,Pop/Rock,1970
973,203008,Rush,Pop/Rock,1960
975,303626,Kansas,Pop/Rock,1970
982,825924,Marillion,Pop/Rock,1970
983,887619,Renaissance,Pop/Rock,1960
985,128440,Duran Duran,Pop/Rock,1970
986,128495,Counting Crows,Pop/Rock,1990
991,758453,Blues Traveler,Pop/Rock,1980
992,891264,The Outlaws,Pop/Rock,1960
993,923033,Styx,Pop/Rock,1970
994,16281,Tracy Chapman,Pop/Rock,1980
995,58549,Elvis Costello,Pop/Rock,1970
1030,14073,Tab Hunter,Pop/Rock,1950
1032,16438,Television Personalities,Pop/Rock,1970
1036,64303,Badfinger,Pop/Rock,1960
1037,73421,The Clean,Pop/Rock,1970
1040,154530,Beat Happening,Pop/Rock,1980
1041,180263,Flamin' Groovies,Pop/Rock,1960
1044,314600,Love,Pop/Rock,1960
1046,343930,The Jesus and Mary Chain,Pop/Rock,1980
1048,475932,The Only Ones,Pop/Rock,1970
1049,478426,Orange Juice,Pop/Rock,1970
1050,485191,The Pastels,Pop/Rock,1980
1051,501692,1910 Fruitgum Company,Pop/Rock,1960
1052,569914,Moby Grape,Pop/Rock,1960
1055,684240,Wreckless Eric,Pop/Rock,1970
1058,764181,The Church,Pop/Rock,1980
1059,790732,Squeeze,Pop/Rock,1970
1060,866786,New York Dolls,Pop/Rock,1970
1061,939567,Buffalo Springfield,Pop/Rock,1960
1066,5441,Pantera,Pop/Rock,1980
1067,9441,Static-X,Pop/Rock,1990
1093,153590,Graham Nash,Pop/Rock,1960
1095,179205,Don McLean,Pop/Rock,1960
1097,232564,John Lennon,Pop/Rock,1950
1103,696015,Phoebe Snow,Pop/Rock,1970
1105,29067,The Action,Pop/Rock,1960
1110,423267,Small Faces,Pop/Rock,1960
1111,483587,The Move,Pop/Rock,1960
1113,582313,The Zombies,Pop/Rock,1960
1116,47033,The Blue Nile,Pop/Rock,1980
1117,129761,Jimmy Webb,Pop/Rock,1960
1118,301619,Portishead,Pop/Rock,1990
1119,334193,New Order,Pop/Rock,1980
1144,263937,Dio,Pop/Rock,1980
1145,540883,Guns N' Roses,Pop/Rock,1980
1148,817754,Ween,Pop/Rock,1980
1149,845775,Ronnie James Dio,Pop/Rock,1970
1150,864209,Neil Diamond,Pop/Rock,1950
1151,13387,Shawn Colvin,Pop/Rock,1970
1153,70027,The Innocence Mission,Pop/Rock,1980
1154,104455,The La's,Pop/Rock,1980
1155,120953,Cowboy Junkies,Pop/Rock,1980
1156,501081,"10,000 Maniacs",Pop/Rock,1980
1157,564726,The Sundays,Pop/Rock,1980
1158,784814,The Cranberries,Pop/Rock,1990
1162,418955,The Shangri-Las,Pop/Rock,1960
1163,491220,The Ronettes,Pop/Rock,1950
1209,213212,Janis Ian,Pop/Rock,1960
1224,671244,Witchfinder General,Pop/Rock,1980
1225,766533,Bolt Thrower,Pop/Rock,1980
1227,78886,The Housemartins,Pop/Rock,1980
1228,80720,The House of Love,Pop/Rock,1980
1229,137390,The Cure,Pop/Rock,1970
1230,260212,Pet Shop Boys,Pop/Rock,1980
1231,482677,The Lemonheads,Pop/Rock,1980
1233,567570,Thompson Twins,Pop/Rock,1970
1234,789340,Belly,Pop/Rock,1990
1235,831215,Saint Etienne,Pop/Rock,1990
1236,895443,The Human League,Pop/Rock,1970
1249,330575,Neil Sedaka,Pop/Rock,1950
1252,745915,Paul Anka,Pop/Rock,1950
1256,794449,Frankie Valli,Pop/Rock,1950
1288,87985,The Hollies,Pop/Rock,1960
1297,814852,John Sebastian,Pop/Rock,1960
1301,19701,Television,Pop/Rock,1970
1302,34988,Swans,Pop/Rock,1980
1303,44906,The Birthday Party,Pop/Rock,1980
1304,46527,Blonde Redhead,Pop/Rock,1990
1307,188190,Unwound,Pop/Rock,1990
1312,423305,Mission of Burma,Pop/Rock,1980
1316,633181,Butthole Surfers,Pop/Rock,1980
1317,751604,Slint,Pop/Rock,1990
1328,224638,John Cale,Pop/Rock,1960
1329,233066,Lou Reed,Pop/Rock,1950
1330,307025,Roky Erickson,Pop/Rock,1960
1335,504928,The 13th Floor Elevators,Pop/Rock,1960
1339,763301,The Fugs,Pop/Rock,1960
1344,781370,Chumbawamba,Pop/Rock,1980
1348,154998,Bauhaus,Pop/Rock,1970
1351,257544,Van der Graaf Generator,Pop/Rock,1960
1356,749734,Slade,Pop/Rock,1960
1361,855423,Kate Bush,Pop/Rock,1970
1405,120010,Jack Johnson,Pop/Rock,1990
1406,163420,G. Love & Special Sauce,Pop/Rock,1990
1407,206407,Descendents,Pop/Rock,1970
1408,475334,The Suicide Machines,Pop/Rock,1990
1409,479350,The Toasters,Pop/Rock,1980
1410,486047,Sublime,Pop/Rock,1980
1411,604075,Agent Orange,Pop/Rock,1980
1413,786613,Dead Kennedys,Pop/Rock,1970
1422,181376,UB40,Pop/Rock,1970
1433,80780,Sheryl Crow,Pop/Rock,1990
1439,174122,Lyle Lovett,Pop/Rock,1980
1441,177060,Janis Joplin,Pop/Rock,1960
1448,345355,Melissa Etheridge,Pop/Rock,1980
1455,852997,k.d. lang,Pop/Rock,1980
1459,69534,Bon Jovi,Pop/Rock,1980
1462,222436,David Lee Roth,Pop/Rock,1970
1463,251595,Whitesnake,Pop/Rock,1970
1466,297702,Sammy Hagar,Pop/Rock,1960
1471,520975,Tommy James & the Shondells,Pop/Rock,1960
1474,680522,Yaz,Pop/Rock,1980
1497,530745,Bruce Springsteen,Pop/Rock,1970
1508,7230,Brian May,Pop/Rock,1960
1515,252184,Johnny Thunders,Pop/Rock,1970
1519,467853,Mick Ronson,Pop/Rock,1960
1537,194703,The Flying Burrito Brothers,Pop/Rock,1960
1544,191063,Celtic Frost,Pop/Rock,1980
1546,308932,Pentagram,Pop/Rock,1970
1552,672011,Hawkwind,Pop/Rock,1960
1554,46794,Ani DiFranco,Pop/Rock,1980
1555,99246,Concrete Blonde,Pop/Rock,1980
1556,162197,Ben Folds,Pop/Rock,1990
1557,169795,Fiona Apple,Pop/Rock,1990
1561,377581,Mary Margaret O'Hara,Pop/Rock,1980
1564,570061,The Tragically Hip,Pop/Rock,1980
1565,615489,Bratmobile,Pop/Rock,1990
1569,925528,Throwing Muses,Pop/Rock,1980
1601,156043,Discharge,Pop/Rock,1970
1603,259800,Saxon,Pop/Rock,1970
1610,754879,Angel Witch,Pop/Rock,1980
1612,792925,Fear,Pop/Rock,1970
1631,631579,Bruce Cockburn,Pop/Rock,1970
1637,955544,Daniel Lanois,Pop/Rock,1970
1638,961234,Dave Matthews Band,Pop/Rock,1990
1639,103324,Kreator,Pop/Rock,1980
1640,151787,Bathory,Pop/Rock,1980
1651,567190,? & the Mysterians,Pop/Rock,1960
1652,573870,The Troggs,Pop/Rock,1960
1658,923618,The Standells,Pop/Rock,1960
1661,228323,Death,Pop/Rock,1980
1669,610706,Bread,Pop/Rock,1960
1676,502163,10cc,Pop/Rock,1970
1702,407986,Melissa Manchester,Pop/Rock,1970
1707,161351,Gov't Mule,Pop/Rock,1990
1708,268871,Hot Tuna,Pop/Rock,1970
1709,333464,Phish,Pop/Rock,1980
1719,193231,Gang of Four,Pop/Rock,1970
1721,413524,The Police,Pop/Rock,1970
1731,239921,Depeche Mode,Pop/Rock,1980
1732,332257,Neneh Cherry,Pop/Rock,1980
1735,482334,The Specials,Pop/Rock,1970
1737,748222,Siouxsie and the Banshees,Pop/Rock,1970
1744,793845,Falco,Pop/Rock,1980
1752,354158,Kaleidoscope,Pop/Rock,1960
1754,564239,The Turtles,Pop/Rock,1960
1756,678339,XTC,Pop/Rock,1970
1758,755494,Silver Apples,Pop/Rock,1960
1759,771010,The Left Banke,Pop/Rock,1960
1760,838241,Van Dyke Parks,Pop/Rock,1960
1761,840523,Sebadoh,Pop/Rock,1980
1762,937003,My Bloody Valentine,Pop/Rock,1980
1767,69060,Babes in Toyland,Pop/Rock,1980
1769,100473,L7,Pop/Rock,1980
1770,109414,Courtney Love,Pop/Rock,1980
1772,238297,Delta 5,Pop/Rock,1970
1778,498691,The Slits,Pop/Rock,1970
1779,585189,X-Ray Spex,Pop/Rock,1970
1784,762500,Bikini Kill,Pop/Rock,1990
1785,766361,The Go-Betweens,Pop/Rock,1980
1786,797431,Elastica,Pop/Rock,1990
1789,172167,Elliott Smith,Pop/Rock,1980
1790,174752,Eels,Pop/Rock,1990
1793,601430,Morphine,Pop/Rock,1990
1798,105354,Cheap Trick,Pop/Rock,1970
1811,500992,M??tley Cr??e,Pop/Rock,1980
1816,835585,Loverboy,Pop/Rock,1980
1817,859868,Quiet Riot,Pop/Rock,1970
1818,948171,Hanoi Rocks,Pop/Rock,1980
1822,198532,Doug Sahm,Pop/Rock,1960
1825,538677,Buddy Holly,Pop/Rock,1950
1830,814751,John Prine,Pop/Rock,1960
1836,57209,The Free Design,Pop/Rock,1960
1838,118327,Chrome,Pop/Rock,1970
1839,140499,Cocteau Twins,Pop/Rock,1970
1840,174822,Serge Gainsbourg,Pop/Rock,1950
1842,186594,Fran?§oise Hardy,Pop/Rock,1960
1843,241724,The Rockets,Pop/Rock,1970
1848,521704,Yoko Ono,Pop/Rock,1960
1851,635413,Cabaret Voltaire,Pop/Rock,1970
1853,645612,Can,Pop/Rock,1960
1856,753963,The Association,Pop/Rock,1960
1859,773392,China Crisis,Pop/Rock,1970
1861,799466,France Gall,Pop/Rock,1960
1865,936658,Brigitte Fontaine,Pop/Rock,1970
1869,72041,Bob Seger,Pop/Rock,1960
1870,123915,Christine McVie,Pop/Rock,1960
1873,208303,Jane Siberry,Pop/Rock,1980
1874,754251,Suzanne Vega,Pop/Rock,1980
1875,756180,Sin??ad O'Connor,Pop/Rock,1980
1900,769444,Bj??rk,Pop/Rock,1970
1915,242211,Saliva,Pop/Rock,1990
1916,323194,Jerry Cantrell,Pop/Rock,1980
1934,127360,Everything But the Girl,Pop/Rock,1980
1938,358820,Primal Scream,Pop/Rock,1980
1940,481057,Orchestral Manoeuvres in the Dark,Pop/Rock,1970
1949,203639,Johnny Rivers,Pop/Rock,1960
1957,29978,Sloan,Pop/Rock,1990
1975,70800,Billy Idol,Pop/Rock,1970
1976,154544,Green Day,Pop/Rock,1980
1977,195874,Madness,Pop/Rock,1970
1978,197921,The English Beat,Pop/Rock,1970
1980,768321,INXS,Pop/Rock,1970
1981,784732,Joe Jackson,Pop/Rock,1970
1988,29909,Terry Reid,Pop/Rock,1960
1989,45313,Steve Winwood,Pop/Rock,1960
1997,292915,Robert Wyatt,Pop/Rock,1960
1998,293896,Rod Stewart,Pop/Rock,1960
2005,505532,Tim Hardin,Pop/Rock,1960
2008,595101,Tim Buckley,Pop/Rock,1960
2011,794173,Frankie Miller,Pop/Rock,1970
2014,845625,Ronnie Lane,Pop/Rock,1960
2015,892823,Mick Jagger,Pop/Rock,1960
2017,956707,Wings,Pop/Rock,1970
2020,84814,Billy Squier,Pop/Rock,1970
2026,391933,Rainbow,Pop/Rock,1970
2028,588508,Ace Frehley,Pop/Rock,1960
2029,596126,Mott the Hoople,Pop/Rock,1960
2032,809999,UFO,Pop/Rock,1960
2050,792953,Carl Perkins,Pop/Rock,1950
2051,793988,Eddie Cochran,Pop/Rock,1950
2052,803720,Gene Vincent,Pop/Rock,1950
2058,193216,Free,Pop/Rock,1960
2063,482600,The Spencer Davis Group,Pop/Rock,1960
2073,297955,The Rubinoos,Pop/Rock,1970
2074,319021,Jellyfish,Pop/Rock,1980
2077,486645,The Plimsouls,Pop/Rock,1980
2078,501802,The Soft Boys,Pop/Rock,1970
2080,583478,The Wedding Present,Pop/Rock,1980
2089,129308,The Durutti Column,Pop/Rock,1970
2093,415239,The Primitives,Pop/Rock,1980
2096,745318,Pale Saints,Pop/Rock,1980
2099,790814,Talk Talk,Pop/Rock,1980
2132,51066,Craig Armstrong,Pop/Rock,1980
2140,304401,Procol Harum,Pop/Rock,1960
2151,590479,Thin Lizzy,Pop/Rock,1970
2153,925837,Accept,Pop/Rock,1970
2168,317865,Jennifer Lopez,Pop/Rock,1990
2170,585249,Annie Lennox,Pop/Rock,1970
2172,922728,ABBA,Pop/Rock,1970
2176,84053,The Jam,Pop/Rock,1970
2180,119651,J.J. Cale,Pop/Rock,1950
2185,478603,The Monkees,Pop/Rock,1960
2191,758444,Blur,Pop/Rock,1980
2199,336783,Nick Drake,Pop/Rock,1960
2200,384920,R. Stevie Moore,Pop/Rock,1970
2202,674263,Daniel Johnston,Pop/Rock,1980
2206,26520,Stereolab,Pop/Rock,1990
2209,408696,Mercury Rev,Pop/Rock,1980
2212,920101,The United States of America,Pop/Rock,1960
2213,46699,The Everly Brothers,Pop/Rock,1950
2222,265456,Dion,Pop/Rock,1950
2223,424296,The Righteous Brothers,Pop/Rock,1960
2246,222927,Uncle Tupelo,Pop/Rock,1980
2257,289685,Robyn,Pop/Rock,1990
2270,659517,Grand Funk Railroad,Pop/Rock,1960
2271,674873,Wishbone Ash,Pop/Rock,1960
2276,175708,Ry Cooder,Pop/Rock,1960
2280,759031,Aztec Camera,Pop/Rock,1980
2294,163229,Electric Light Orchestra,Pop/Rock,1970
2302,597094,Morrissey,Pop/Rock,1980
2332,627337,Tommy Roe,Pop/Rock,1950
2333,660401,Gary Glitter,Pop/Rock,1960
2343,125465,Barclay James Harvest,Pop/Rock,1960
2355,33316,Andy Kim,Pop/Rock,1960
2363,68738,The Chills,Pop/Rock,1980
2367,259561,Let's Active,Pop/Rock,1980
2372,639053,H??sker D??,Pop/Rock,1970
2373,920073,The Undertones,Pop/Rock,1970
2388,377908,NRBQ,Pop/Rock,1960
2391,489876,The Pogues,Pop/Rock,1980
2404,823165,Levon Helm,Pop/Rock,1950
2408,10538,Spandau Ballet,Pop/Rock,1980
2412,149515,Joe Cocker,Pop/Rock,1960
2414,574597,ABC,Pop/Rock,1980
2429,761706,The Fleetwoods,Pop/Rock,1950
2434,92303,King Missile,Pop/Rock,1980
2435,131650,Talking Heads,Pop/Rock,1970
2440,493327,They Might Be Giants,Pop/Rock,1980
2441,816900,Warren Zevon,Pop/Rock,1960
2443,922200,Violent Femmes,Pop/Rock,1980
2450,487186,Suicide,Pop/Rock,1970
2453,672910,Wire,Pop/Rock,1970
2454,926604,Throbbing Gristle,Pop/Rock,1970
2455,948557,DNA,Pop/Rock,1980
2504,422947,Minor Threat,Pop/Rock,1980
2506,515251,Murphy's Law,Pop/Rock,1980
2508,931105,Agnostic Front,Pop/Rock,1980
2509,950956,Gorilla Biscuits,Pop/Rock,1980
2510,42993,Sonny & Cher,Pop/Rock,1960
2513,80537,Billy Fury,Pop/Rock,1950
2520,3495279,Andy Black,Pop/Rock,2010
2522,135054,Joan Jett & the Blackhearts,Pop/Rock,1980
2524,266255,Jonathan Richman,Pop/Rock,1970
2528,766385,The Go-Go's,Pop/Rock,1970
2533,167517,Dire Straits,Pop/Rock,1970
2554,573241,7 Seconds,Pop/Rock,1980
2561,19892,Tears for Fears,Pop/Rock,1980
2564,61172,The Cars,Pop/Rock,1970
2583,758520,Big Black,Pop/Rock,1980
2586,858827,Queen,Pop/Rock,1970
2587,889097,Ric Ocasek,Pop/Rock,1970
2611,935990,Brewer & Shipley,Pop/Rock,1960
2618,75100,Bad Company,Pop/Rock,1970
2625,140689,Dead Boys,Pop/Rock,1970
2628,222351,Dead Moon,Pop/Rock,1980
2633,474482,Minutemen,Pop/Rock,1980
2644,913210,Hurt,Pop/Rock,2000
2653,747757,Split Enz,Pop/Rock,1970
2655,61534,The Bobby Fuller Four,Pop/Rock,1960
2657,142652,D.O.A.,Pop/Rock,1970
2671,13508,Travis,Pop/Rock,1990
2674,108679,Crash Test Dummies,Pop/Rock,1980
2683,636433,The Cardigans,Pop/Rock,1990
2687,775877,Coldplay,Pop/Rock,1990
2690,923705,Mogwai,Pop/Rock,1990
2707,73644,Bobby Charles,Pop/Rock,1950
2711,171637,Duane Eddy,Pop/Rock,1950
2716,332852,Ronnie Hawkins,Pop/Rock,1950
2725,9084,Sparks,Pop/Rock,1970
2734,783250,Gloria Jones,Pop/Rock,1950
2737,926548,Iggy Pop,Pop/Rock,1960
2751,200074,Lenny Kravitz,Pop/Rock,1980
2774,213165,Jan & Dean,Pop/Rock,1950
2789,36468,Smoking Popes,Pop/Rock,1990
2790,38302,Social Distortion,Pop/Rock,1970
2793,138520,The Damned,Pop/Rock,1970
2796,223197,Hot Water Music,Pop/Rock,1990
2797,255704,Pegboy,Pop/Rock,1990
2798,312354,Screeching Weasel,Pop/Rock,1980
2799,367459,Naked Raygun,Pop/Rock,1980
2801,471355,Operation Ivy,Pop/Rock,1980
2802,472925,The Offspring,Pop/Rock,1980
2804,761108,Avail,Pop/Rock,2000
2806,855952,Propagandhi,Pop/Rock,1980
2808,58372,Faces,Pop/Rock,1960
2821,308645,Pulp,Pop/Rock,1980
2833,453041,Meshuggah,Pop/Rock,1980
2835,741177,Entombed,Pop/Rock,1980
2839,291043,Journey,Pop/Rock,1970
2856,130764,Face to Face,Pop/Rock,1990
2857,139089,Barenaked Ladies,Pop/Rock,1980
2861,213921,Less Than Jake,Pop/Rock,1990
2862,243008,Weezer,Pop/Rock,1990
2863,258430,Pennywise,Pop/Rock,1980
2864,317545,NOFX,Pop/Rock,1980
2868,527267,Built to Spill,Pop/Rock,1990
2871,780581,Lagwagon,Pop/Rock,1990
2872,805345,Down by Law,Pop/Rock,1990
2873,848913,Richard Hell,Pop/Rock,1970
2875,920994,The Vandals,Pop/Rock,1980
2888,94764,"Bonnie ""Prince"" Billy",Pop/Rock,1990
2891,451296,Red House Painters,Pop/Rock,1990
2916,928351,Morbid Angel,Pop/Rock,1980
2921,312353,Screaming Trees,Pop/Rock,1980
2926,509223,Mudhoney,Pop/Rock,1980
2931,799771,Green River,Pop/Rock,1980
2943,170381,Europe,Pop/Rock,1980
2949,465562,Obituary,Pop/Rock,1980
2956,987621,Foreigner,Pop/Rock,1970
2986,772745,Incubus,Pop/Rock,1990
2999,124492,Beck,Pop/Rock,1990
3010,850692,Jethro Tull,Pop/Rock,1960
3040,758943,Big Brother & the Holding Company,Pop/Rock,1960
3061,785611,The Dave Clark Five,Pop/Rock,1950
3063,852007,Roy Orbison,Pop/Rock,1950
3077,758208,Beth Orton,Pop/Rock,1990
3085,3170,Pablo Cruise,Pop/Rock,1970
3101,33560,Suzi Quatro,Pop/Rock,1960
3110,469286,The Music Machine,Pop/Rock,1960
3114,774791,The Chocolate Watchband,Pop/Rock,1960
3118,868306,Nico,Pop/Rock,1960
3141,756740,Swell Maps,Pop/Rock,1970
3188,354733,Los Lobos,Pop/Rock,1970
3199,146544,Eddie Van Halen,Pop/Rock,1970
3204,238440,Robert Fripp,Pop/Rock,1960
3216,148355,Egg,Pop/Rock,1960
3234,776011,Kyuss,Pop/Rock,1980
3239,837486,Utopia,Pop/Rock,1970
3302,241813,Johnny Burnette,Pop/Rock,1950
3328,83554,Billy Bragg,Pop/Rock,1980
3341,683686,Willie Nile,Pop/Rock,1970
3369,41899,The Blues Project,Pop/Rock,1960
3374,394806,Randy Newman,Pop/Rock,1960
3381,628981,The Buckinghams,Pop/Rock,1960
3384,38977,The Associates,Pop/Rock,1980
3392,300024,Prefab Sprout,Pop/Rock,1970
3431,224186,John Mellencamp,Pop/Rock,1970
3444,585574,Sum 41,Pop/Rock,1990
3445,766078,The Get Up Kids,Pop/Rock,1990
3446,852688,Jimmy Eat World,Pop/Rock,1990
3466,52382,The Marshall Tucker Band,Pop/Rock,1970
3470,85776,James Gang,Pop/Rock,1960
3474,154548,Eric Burdon,Pop/Rock,1960
3478,224294,John Fogerty,Pop/Rock,1960
3482,339490,Rare Earth,Pop/Rock,1960
3492,805661,Humble Pie,Pop/Rock,1960
3494,817369,Derek & the Dominos,Pop/Rock,1970
3495,835894,Lowell George,Pop/Rock,1960
3496,838524,Savoy Brown,Pop/Rock,1960
3501,943936,Buddy Miles,Pop/Rock,1960
3505,359062,KMFDM,Pop/Rock,1980
3508,35587,Sick of It All,Pop/Rock,1980
3509,192338,Madball,Pop/Rock,1990
3515,779670,Cradle of Filth,Pop/Rock,1990
3517,885375,Refused,Pop/Rock,1990
3540,215058,Jars of Clay,Pop/Rock,1990
3542,270667,Live,Pop/Rock,1990
3546,521851,MxPx,Pop/Rock,1990
3551,146490,Fastball,Pop/Rock,1990
3556,335747,Rancid,Pop/Rock,1990
3558,757342,blink-182,Pop/Rock,1990
3559,771905,Bowling for Soup,Pop/Rock,1990
3571,229157,Magazine,Pop/Rock,1970
3598,830538,Robert Plant,Pop/Rock,1960
3605,582930,David Gilmour,Pop/Rock,1960
3608,842611,Peter Green,Pop/Rock,1960
3617,339577,Meat Puppets,Pop/Rock,1980
3626,755519,Soul Asylum,Pop/Rock,1980
3630,940583,The Call,Pop/Rock,1980
3631,946137,Canned Heat,Pop/Rock,1960
3658,48566,The Black Crowes,Pop/Rock,1990
3685,345427,Roy Harper,Pop/Rock,1960
3688,404345,The Monks,Pop/Rock,1960
3689,417607,The Red Krayola,Pop/Rock,1960
3691,500664,The Seeds,Pop/Rock,1960
3700,843607,Peter Hammill,Pop/Rock,1960
3704,75591,The Corrs,Pop/Rock,1990
3705,186185,C??line Dion,Pop/Rock,1980
3711,374126,Natalie Imbruglia,Pop/Rock,1990
3723,28772,The 5th Dimension,Pop/Rock,1960
3737,541125,Gerry & the Pacemakers,Pop/Rock,1950
3741,784760,The Cowsills,Pop/Rock,1960
3747,135032,The Beau Brummels,Pop/Rock,1960
3758,807121,Lou Christie,Pop/Rock,1960
3828,670088,Dan Hicks & His Hot Licks,Pop/Rock,1960
3851,101701,Conflict,Pop/Rock,1980
3852,184267,U.K. Subs,Pop/Rock,1970
3864,634377,David Axelrod,Pop/Rock,1960
3878,765595,Backstreet Boys,Pop/Rock,1990
3879,813731,Debbie Gibson,Pop/Rock,1980
3908,249973,Devo,Pop/Rock,1970
3909,420539,The Residents,Pop/Rock,1970
3943,625736,Brian Wilson,Pop/Rock,1960
3967,194018,Del Shannon,Pop/Rock,1950
3969,204708,Dr. Feelgood,Pop/Rock,1970
3980,620121,Brinsley Schwarz,Pop/Rock,1970
3983,668302,Dan Penn,Pop/Rock,1960
3987,776562,Colin Blunstone,Pop/Rock,1960
3996,28432,Sneaker Pimps,Pop/Rock,1990
3997,38579,Soft Cell,Pop/Rock,1980
3998,49374,Simple Minds,Pop/Rock,1970
3999,52093,The Fixx,Pop/Rock,1980
4005,206241,Eurythmics,Pop/Rock,1980
4009,296903,Love and Rockets,Pop/Rock,1980
4011,566918,The The,Pop/Rock,1970
4012,567862,A Flock of Seagulls,Pop/Rock,1980
4018,926428,Thomas Dolby,Pop/Rock,1980
4053,428717,The Sonics,Pop/Rock,1960
4068,193342,Emperor,Pop/Rock,1990
4089,631535,The Business,Pop/Rock,1980
4090,2368302,Blitz,Pop/Rock,1980
4097,308742,Julian Cope,Pop/Rock,1970
4100,492037,The Proclaimers,Pop/Rock,1980
4101,568137,The Strokes,Pop/Rock,1990
4102,569402,The Teardrop Explodes,Pop/Rock,1970
4103,748904,Stereophonics,Pop/Rock,1990
4107,933633,Mungo Jerry,Pop/Rock,1970
4136,570825,The Modern Lovers,Pop/Rock,1970
4182,239961,Johnny Kidd & the Pirates,Pop/Rock,1960
4196,820232,Dick Dale,Pop/Rock,1950
4198,26023,The Apples in Stereo,Pop/Rock,1990
4207,687487,Yo La Tengo,Pop/Rock,1980
4252,582024,The Walker Brothers,Pop/Rock,1960
4257,795341,Felt,Pop/Rock,1970
4258,799644,Chad & Jeremy,Pop/Rock,1960
4260,165855,Frankie Avalon,Pop/Rock,1950
4265,109735,Circle Jerks,Pop/Rock,1980
4273,483848,The Vibrators,Pop/Rock,1970
4279,937098,Stiff Little Fingers,Pop/Rock,1970
4293,520545,My Chemical Romance,Pop/Rock,2000
4354,228266,Jeff Lynne,Pop/Rock,1960
4429,89713,Billy Lee Riley,Pop/Rock,1950
4469,553483,Happy Mondays,Pop/Rock,1980
4473,763237,Big Audio Dynamite,Pop/Rock,1980
4476,926307,This Mortal Coil,Pop/Rock,1980
4501,808214,Joe Walsh,Pop/Rock,1960
4537,171150,Lydia Lunch,Pop/Rock,1970
4538,492275,The Runaways,Pop/Rock,1970
4540,553810,Girlschool,Pop/Rock,1970
4571,141838,Eddie Money,Pop/Rock,1970
4579,320845,Peter Frampton,Pop/Rock,1960
4580,339624,Meat Loaf,Pop/Rock,1970
4581,347148,Night Ranger,Pop/Rock,1980
4582,492466,Montrose,Pop/Rock,1970
4586,623254,Asia,Pop/Rock,1980
4604,554963,Harry Chapin,Pop/Rock,1970
4616,811622,John Denver,Pop/Rock,1960
4622,26164,Sleater-Kinney,Pop/Rock,1990
4629,498961,'Til Tuesday,Pop/Rock,1980
4632,620495,The Breeders,Pop/Rock,1980
4634,921710,The White Stripes,Pop/Rock,1990
4642,504276,The Selecter,Pop/Rock,1970
4665,620386,Tommy James,Pop/Rock,1950
4671,183715,The Fugitives,Pop/Rock,1960
4679,763601,The Gories,Pop/Rock,1980
4746,327735,REO Speedwagon,Pop/Rock,1960
4750,318966,Martin Gore,Pop/Rock,1970
4751,375945,Psychic TV,Pop/Rock,1980
4752,49062,Simple Plan,Pop/Rock,1990
4753,185018,Finch,Pop/Rock,1990
4754,211095,Under??ath,Pop/Rock,1990
4758,195237,Delaney & Bonnie,Pop/Rock,1960
4852,135543,The Electric Prunes,Pop/Rock,1960
4859,490620,The Real Kids,Pop/Rock,1970
4866,807026,Lyres,Pop/Rock,1980
4873,753685,Soft Machine,Pop/Rock,1960
4884,750970,Skinny Puppy,Pop/Rock,1980
4933,96744,Chris Rea,Pop/Rock,1970
4951,298764,Roxette,Pop/Rock,1980
4952,372322,Natalie Merchant,Pop/Rock,1980
4955,754055,Sophie B. Hawkins,Pop/Rock,1990
4958,924508,The Waterboys,Pop/Rock,1980
4962,87597,Ian Hunter,Pop/Rock,1950
5010,179126,David Gates,Pop/Rock,1960
5061,668922,Heaven 17,Pop/Rock,1980
5063,930204,The Art of Noise,Pop/Rock,1980
5070,66869,The Field Mice,Pop/Rock,1980
5073,765302,Badly Drawn Boy,Pop/Rock,1990
5074,790509,Alphaville,Pop/Rock,1980
5108,116178,Culture Club,Pop/Rock,1980
5133,918400,A Certain Ratio,Pop/Rock,1970
5147,85915,Billy Joel,Pop/Rock,1960
5155,235169,Rob Zombie,Pop/Rock,1990
5163,655547,GWAR,Pop/Rock,1980
5192,772191,The Bonzo Dog Band,Pop/Rock,1960
5196,405903,Midnight Oil,Pop/Rock,1970
5198,462110,The Reverend Horton Heat,Pop/Rock,1980
5199,475431,Stray Cats,Pop/Rock,1980
5213,140521,The Crew Cuts,Pop/Rock,1950
5231,160054,Sham 69,Pop/Rock,1970
5232,210425,Johnny Thunders & the Heartbreakers,Pop/Rock,1970
5239,591048,Anti-Nowhere League,Pop/Rock,1980
5262,51909,Carpenters,Pop/Rock,1960
5296,945196,Gerry Rafferty,Pop/Rock,1960
5324,107090,Cher,Pop/Rock,1960
5372,351227,Richard Marx,Pop/Rock,1980
5373,359613,Rick Springfield,Pop/Rock,1960
5473,34094,The Archies,Pop/Rock,1960
5509,182884,Jason Donovan,Pop/Rock,1980
5520,90188,Ian Dury,Pop/Rock,1970
5539,110341,The Creation,Pop/Rock,1960
5543,406575,The Outsiders,Pop/Rock,1960
5564,536275,Sweet,Pop/Rock,1970
5567,593930,Argent,Pop/Rock,1970
5580,240081,Sandie Shaw,Pop/Rock,1960
5581,288904,Richard & Linda Thompson,Pop/Rock,1970
5583,780005,LCD Soundsystem,Pop/Rock,2000
5607,130028,Freddie Mercury,Pop/Rock,1970
5621,8549,Sparklehorse,Pop/Rock,1990
5623,40230,Songs: Ohia,Pop/Rock,1990
5631,803009,Cat Power,Pop/Rock,1990
5634,21578,Sleep,Pop/Rock,1990
5637,109421,Crowbar,Pop/Rock,1980
5668,200882,Gene Pitney,Pop/Rock,1960
5722,125561,Cinderella,Pop/Rock,1980
5726,376422,Queens of the Stone Age,Pop/Rock,1990
5741,359179,Karla Bonoff,Pop/Rock,1970
5750,22348,Patty Griffin,Pop/Rock,1990
5761,305468,Lita Ford,Pop/Rock,1970
5768,932665,Alanis Morissette,Pop/Rock,1990
5770,1878899,P!nk,Pop/Rock,1990
5777,99888,The Knickerbockers,Pop/Rock,1960
5779,151979,Bay City Rollers,Pop/Rock,1960
5781,181321,Graham Parker,Pop/Rock,1970
5782,479113,The Nerves,Pop/Rock,1970
5787,683085,"Dave Dee, Dozy, Beaky, Mick & Tich",Pop/Rock,1960
5789,890799,The McCoys,Pop/Rock,1960
5790,36402,Sonny Bono,Pop/Rock,1960
5816,860080,Nada Surf,Pop/Rock,1990
5841,201297,Foghat,Pop/Rock,1970
5855,822910,Hoobastank,Pop/Rock,1990
5871,194036,Gene Clark,Pop/Rock,1960
5877,463435,Michael Nesmith,Pop/Rock,1960
5923,403184,The Osmonds,Pop/Rock,1950
5946,94890,The Legendary Pink Dots,Pop/Rock,1980
5947,120060,Christian Death,Pop/Rock,1980
5950,414016,Nina Hagen,Pop/Rock,1970
5981,660507,Giorgio Moroder,Pop/Rock,1960
5991,165736,Eddie & the Hot Rods,Pop/Rock,1970
6030,787757,The Dictators,Pop/Rock,1970
6032,441,P.O.D.,Pop/Rock,1990
6036,154417,Clutch,Pop/Rock,1990
6051,172041,Joe Strummer,Pop/Rock,1970
6082,780258,Christina Aguilera,Pop/Rock,1990
6133,495455,Monster Magnet,Pop/Rock,1980
6137,988529,Fu Manchu,Pop/Rock,1990
6145,568071,The Stranglers,Pop/Rock,1970
6180,746731,Spiritualized,Pop/Rock,1990
6191,496487,Adam Ant,Pop/Rock,1970
6224,83859,Kevin Coyne,Pop/Rock,1970
6254,480108,a-ha,Pop/Rock,1980
6255,503602,The Sea and Cake,Pop/Rock,1990
6256,504815,Art Garfunkel,Pop/Rock,1950
6258,610346,Aimee Mann,Pop/Rock,1980
6272,949619,Gong,Pop/Rock,1960
6329,40922,The Sound,Pop/Rock,1970
6333,93566,Inspiral Carpets,Pop/Rock,1980
6336,149840,Catherine Wheel,Pop/Rock,1990
6341,266534,Josef K,Pop/Rock,1980
6363,328288,Jerry Garcia,Pop/Rock,1960
6427,310455,Pestilence,Pop/Rock,1990
6430,802464,Freedy Johnston,Pop/Rock,1980
6448,751256,Superdrag,Pop/Rock,1990
6450,893383,The Muffs,Pop/Rock,1990
6457,169317,Carnivore,Pop/Rock,1980
6466,89018,The Jayhawks,Pop/Rock,1980
6474,651187,The Georgia Satellites,Pop/Rock,1980
6499,244073,Samiam,Pop/Rock,1980
6512,201022,Lenny Welch,Pop/Rock,1950
6533,589630,AFI,Pop/Rock,1990
6534,592595,Thursday,Pop/Rock,1990
6537,812711,Death Cab for Cutie,Pop/Rock,1990
6549,377891,Nazareth,Pop/Rock,1960
6556,611881,Atomic Rooster,Pop/Rock,1960
6562,835648,Uriah Heep,Pop/Rock,1960
6582,956093,Henry Lee Summer,Pop/Rock,1970
6600,97173,Bonnie Tyler,Pop/Rock,1970
6603,315142,Scandal,Pop/Rock,1980
6613,36310,Shonen Knife,Pop/Rock,1980
6636,215041,The Jon Spencer Blues Explosion,Pop/Rock,1990
6644,893383,The Kills,Pop/Rock,1990
6663,61637,Beulah,Pop/Rock,1990
6728,244537,Wendy & Lisa,Pop/Rock,1980
6755,255887,Level 42,Pop/Rock,1980
6804,299277,Santo & Johnny,Pop/Rock,1950
6852,677842,Hellhammer,Pop/Rock,1980
6853,1211412,Raven,Pop/Rock,1960
6916,145086,The Easybeats,Pop/Rock,1960
6930,891032,The Mighty Mighty Bosstones,Pop/Rock,1980
6949,315339,Queensr??che,Pop/Rock,1980
6951,358641,Every Avenue,Pop/Rock,2000
6955,803544,Dream Theater,Pop/Rock,1980
6958,29808,Tesla,Pop/Rock,1980
6972,771419,King's X,Pop/Rock,1980
6984,387720,Michael Bolton,Pop/Rock,1970
7007,569644,Wizzard,Pop/Rock,1970
7041,290502,Limp Bizkit,Pop/Rock,1990
7043,665860,Godsmack,Pop/Rock,1990
7045,62002,Bachman-Turner Overdrive,Pop/Rock,1970
7056,312890,Justin Timberlake,Pop/Rock,1990
7059,516929,*NSYNC,Pop/Rock,1990
7082,122023,Cilla Black,Pop/Rock,1960
7085,321321,Lulu,Pop/Rock,1960
7119,205520,Tullycraft,Pop/Rock,1990
7120,480830,The Mountain Goats,Pop/Rock,1990
7136,216846,Jane Birkin,Pop/Rock,1960
7137,401287,Mazzy Star,Pop/Rock,1980
7157,251361,Dexys Midnight Runners,Pop/Rock,1970
7159,520033,The Boomtown Rats,Pop/Rock,1970
7172,797147,Edie Brickell & New Bohemians,Pop/Rock,1980
7199,418662,The Psychedelic Furs,Pop/Rock,1970
7205,753617,The Adverts,Pop/Rock,1970
7207,806168,Veruca Salt,Pop/Rock,1990
7225,26367,Skid Row,Pop/Rock,1980
7249,164750,Garland Jeffreys,Pop/Rock,1960
7276,768010,The Ides of March,Pop/Rock,1960
7311,792733,Ben Harper,Pop/Rock,1990
7312,884449,O.A.R.,Pop/Rock,1990
7362,78191,Body Count,Pop/Rock,1980
7376,617336,Tom Morello,Pop/Rock,1990
7390,347639,Jimmie Vaughan,Pop/Rock,1960
7400,226331,John Entwistle,Pop/Rock,1960
7405,450700,Noel Redding,Pop/Rock,1960
7416,181329,David Johansen,Pop/Rock,1970
7468,674887,Daryl Hall & John Oates,Pop/Rock,1970
7471,958839,Yazoo,Pop/Rock,1980
7475,46460,The Big Bopper,Pop/Rock,1950
7592,366407,Nancy Sinatra,Pop/Rock,1950
7633,809446,Visage,Pop/Rock,1970
7634,833782,Liquid Liquid,Pop/Rock,1980
7637,30431,Slowdive,Pop/Rock,1980
7696,214593,David Gray,Pop/Rock,1990
7697,221844,Rusted Root,Pop/Rock,1990
7703,675710,Marc Cohn,Pop/Rock,1990
7704,687561,Dave Matthews,Pop/Rock,1990
7708,829122,Huey Lewis & the News,Pop/Rock,1980
7720,647796,Camper Van Beethoven,Pop/Rock,1980
7747,753706,The All-American Rejects,Pop/Rock,2000
7766,919525,The Sugarcubes,Pop/Rock,1980
7767,94126,Bow Wow Wow,Pop/Rock,1980
7771,25047,The Angels,Pop/Rock,1960
7784,576718,Seal,Pop/Rock,1980
7788,757157,Simply Red,Pop/Rock,1980
7800,255733,Johnny Hallyday,Pop/Rock,1960
7815,234844,Debbie Harry,Pop/Rock,1960
7862,58386,Bob Mould,Pop/Rock,1970
7873,187413,Gary Wilson,Pop/Rock,1970
7875,197364,David Byrne,Pop/Rock,1970
7916,866841,Nick Lowe,Pop/Rock,1960
7947,340152,Ratt,Pop/Rock,1980
7966,259240,Vanessa Paradis,Pop/Rock,1980
7967,623518,Brigitte Bardot,Pop/Rock,1960
7996,560208,Harry Nilsson,Pop/Rock,1950
7997,575695,Dave Stewart,Pop/Rock,1970
8002,257141,Widespread Panic,Pop/Rock,1980
8008,32971,The Beautiful South,Pop/Rock,1980
8020,268990,Luna,Pop/Rock,1990
8028,933883,Al Stewart,Pop/Rock,1960
8088,101776,Jack Nitzsche,Pop/Rock,1950
8155,62729,Bobby Sherman,Pop/Rock,1960
8170,805332,The Charlatans,Pop/Rock,1960
8207,275130,Robbie Robertson,Pop/Rock,1960
8217,831236,Mark Knopfler,Pop/Rock,1980
8248,743966,Tantric,Pop/Rock,1990
8257,818593,The Deviants,Pop/Rock,1960
8295,296487,Roger Daltrey,Pop/Rock,1950
8354,4451,T.S.O.L.,Pop/Rock,1980
8386,692251,The Youngbloods,Pop/Rock,1960
8433,898828,The Searchers,Pop/Rock,1950
8556,642796,Camille Yarbrough,Pop/Rock,1990
8586,786245,Barry Adamson,Pop/Rock,1980
8590,194039,Geggy Tah,Pop/Rock,1990
8597,760154,Blind Faith,Pop/Rock,1960
8738,661525,Front 242,Pop/Rock,1980
8830,7729,The Trashmen,Pop/Rock,1960
8856,861687,Nelly Furtado,Pop/Rock,1990
8881,230667,Zucchero,Pop/Rock,1970
8882,34172,Superchunk,Pop/Rock,1980
8885,294197,Polvo,Pop/Rock,1990
8887,597965,Archers of Loaf,Pop/Rock,1990
8963,746010,Spirit,Pop/Rock,1960
8974,390532,Oingo Boingo,Pop/Rock,1970
8987,17387,Sixpence None the Richer,Pop/Rock,1990
9019,667020,Malcolm McLaren,Pop/Rock,1970
9117,141681,Dokken,Pop/Rock,1970
9120,193963,Warrant,Pop/Rock,1980
9124,251604,Diamond Head,Pop/Rock,1980
9126,299776,Urge Overkill,Pop/Rock,1980
9129,355616,Poison,Pop/Rock,1980
9143,770007,King Diamond,Pop/Rock,1970
9145,778906,L.A. Guns,Pop/Rock,1980
9146,799100,Great White,Pop/Rock,1980
9147,806740,Turbonegro,Pop/Rock,1980
9148,815090,W.A.S.P.,Pop/Rock,1980
9156,93632,Robert Palmer,Pop/Rock,1960
9159,609396,Tom Jones,Pop/Rock,1960
9169,750456,Paul Revere & the Raiders,Pop/Rock,1960
9173,184811,Erasure,Pop/Rock,1980
9229,633079,Strawberry Alarm Clock,Pop/Rock,1960
9252,497760,Mink DeVille,Pop/Rock,1970
9287,398259,New Riders of the Purple Sage,Pop/Rock,1960
9316,2825814,Bastille,Pop/Rock,2000
9329,87179,The Knack,Pop/Rock,1970
9332,467382,Michael Penn,Pop/Rock,1980
9334,746182,Translator,Pop/Rock,1980
9337,902138,20/20,Pop/Rock,1970
9338,2252,Allan Holdsworth,Pop/Rock,1970
9345,933568,Tommy Bolin,Pop/Rock,1960
9351,6320,Toto,Pop/Rock,1970
9374,203695,Luscious Jackson,Pop/Rock,1990
9381,83194,Boyzone,Pop/Rock,1990
9383,186805,Eric Carmen,Pop/Rock,1960
9384,251491,Leo Sayer,Pop/Rock,1970
9387,508443,Air Supply,Pop/Rock,1970
9412,383889,Matchbox Twenty,Pop/Rock,1990
9413,758630,Better Than Ezra,Pop/Rock,1980
9420,138271,Cursive,Pop/Rock,1990
9421,158656,Taking Back Sunday,Pop/Rock,1990
9422,251033,Pedro the Lion,Pop/Rock,1990
9423,664346,Glassjaw,Pop/Rock,1990
9432,414889,The Presidents of the United States of America,Pop/Rock,1990
9484,624504,The Box Tops,Pop/Rock,1960
9494,165294,Chapterhouse,Pop/Rock,1990
9520,225948,Dead Can Dance,Pop/Rock,1980
9572,522377,Sting,Pop/Rock,1970
9604,665908,Good Charlotte,Pop/Rock,1990
9626,343954,Mercyful Fate,Pop/Rock,1980
9634,75665,The Gentrys,Pop/Rock,1960
9637,153526,Cliff Richard,Pop/Rock,1950
9762,183139,David Sylvian,Pop/Rock,1970
9764,680065,Jeff Wayne,Pop/Rock,1960
9767,121318,Chris Squire,Pop/Rock,1960
9770,254556,Roger Waters,Pop/Rock,1960
9776,239827,John Mayer,Pop/Rock,1990
9817,173487,Joey Ramone,Pop/Rock,1970
9821,320426,Tsunami Bomb,Pop/Rock,2000
9824,421315,The Rezillos,Pop/Rock,1970
9852,275386,Jerry Garcia Band,Pop/Rock,1970
9905,793022,Cock Sparrer,Pop/Rock,1970
9995,940831,Captain & Tennille,Pop/Rock,1970
10005,480086,Modest Mouse,Pop/Rock,1990
10044,930722,Timi Yuro,Pop/Rock,1960
10158,249303,Wet Willie,Pop/Rock,1970
10161,314372,Sea Level,Pop/Rock,1970
10239,489209,The dB's,Pop/Rock,1970
10242,610339,Toad the Wet Sprocket,Pop/Rock,1980
10360,943827,Cake,Pop/Rock,1990
10386,112204,Crimson Glory,Pop/Rock,1980
10413,287350,Mark Lanegan,Pop/Rock,1980
10448,648407,Candlemass,Pop/Rock,1980
10462,689367,Yngwie Malmsteen,Pop/Rock,1980
10480,633078,Bruce Hornsby,Pop/Rock,1980
10501,46381,Berlin,Pop/Rock,1980
10503,898275,Missing Persons,Pop/Rock,1980
10540,301404,Rick Derringer,Pop/Rock,1960
10541,392553,Ram Jam,Pop/Rock,1970
10608,449578,Miami Sound Machine,Pop/Rock,1980
10618,262794,Hootie & the Blowfish,Pop/Rock,1980
10624,947563,Gin Blossoms,Pop/Rock,1980
10630,240923,Sam Phillips,Pop/Rock,1980
10717,12877,Stealers Wheel,Pop/Rock,1970
10731,588112,Ace,Pop/Rock,1970
10743,163570,Ben Lee,Pop/Rock,1990
10747,414745,Nils Lofgren,Pop/Rock,1960
10789,247545,Robin Guthrie,Pop/Rock,1980
10838,409670,Melanie,Pop/Rock,1960
10958,97786,BoySetsFire,Pop/Rock,1990
10966,282800,Rites of Spring,Pop/Rock,1980
10970,636394,Strung Out,Pop/Rock,1990
10976,850693,Jets to Brazil,Pop/Rock,1990
11006,763341,Bill Justis,Pop/Rock,1950
11043,127451,Jackie DeShannon,Pop/Rock,1950
11073,96576,Interpol,Pop/Rock,1990
11081,324646,Ned's Atomic Dustbin,Pop/Rock,1980
11082,475980,The Monochrome Set,Pop/Rock,1980
11093,863102,Neutral Milk Hotel,Pop/Rock,1990
11140,339905,Jesse Winchester,Pop/Rock,1970
11205,958768,World Party,Pop/Rock,1980
11212,31022,Jim Morrison,Pop/Rock,1960
11221,771269,Bono,Pop/Rock,1980
11250,298225,Poison the Well,Pop/Rock,1990
11258,781350,Lamb of God,Pop/Rock,1990
11259,787702,The Dillinger Escape Plan,Pop/Rock,1990
11270,99449,Cornelius,Pop/Rock,1990
11298,97491,Kittie,Pop/Rock,1990
11303,261087,Life of Agony,Pop/Rock,1980
11304,363100,Prong,Pop/Rock,1980
11314,786360,D.R.I.,Pop/Rock,1980
11357,222974,MDC,Pop/Rock,1980
11366,654543,Cap'n Jazz,Pop/Rock,1990
11369,924780,Anti-Flag,Pop/Rock,1980
11380,125528,Laid Back,Pop/Rock,1970
11382,139741,Frankie Goes to Hollywood,Pop/Rock,1980
11388,797670,Divine,Pop/Rock,1970
11415,918600,The Style Council,Pop/Rock,1980
11417,948061,Gino Vannelli,Pop/Rock,1970
11471,87922,The Juliana Theory,Pop/Rock,1990
11474,771792,Killswitch Engage,Pop/Rock,1990
11499,337119,Phil Collins,Pop/Rock,1970
11520,185810,John Foxx,Pop/Rock,1970
11529,611929,Tom Tom Club,Pop/Rock,1980
11535,947576,Gina X Performance,Pop/Rock,1970
11541,784766,Clan of Xymox,Pop/Rock,1980
11544,165162,Gentle Giant,Pop/Rock,1970
11549,943268,Camel,Pop/Rock,1970
11561,933809,Tom Verlaine,Pop/Rock,1970
11621,279141,Ritchie Valens,Pop/Rock,1950
11737,319945,Peter Criss,Pop/Rock,1960
11753,524050,Bryan Ferry,Pop/Rock,1970
11798,785357,James McMurtry,Pop/Rock,1980
11841,516202,Brian Hyland,Pop/Rock,1960
11842,532487,David Cassidy,Pop/Rock,1950
11922,187162,Flipper,Pop/Rock,1970
11955,834466,Roger McGuinn,Pop/Rock,1960
11976,825387,Hothouse Flowers,Pop/Rock,1980
12009,48587,Blancmange,Pop/Rock,1980
12033,5501,System of a Down,Pop/Rock,1990
12034,329883,RX Bandits,Pop/Rock,2000
12043,131038,Spoon,Pop/Rock,1990
12044,798113,Elvis Costello & the Attractions,Pop/Rock,1970
12051,26193,Andrew Bird,Pop/Rock,1990
12088,846092,Phosphorescent,Pop/Rock,2000
12089,849246,Jim Ford,Pop/Rock,1960
12167,668127,Godhead,Pop/Rock,1990
12203,756772,Angelic Upstarts,Pop/Rock,1970
12271,50034,Gary Moore,Pop/Rock,1970
12272,67539,Billy Gibbons,Pop/Rock,1960
12497,171994,Joe South,Pop/Rock,1950
12598,35464,Maria Muldaur,Pop/Rock,1960
12601,118664,Basia,Pop/Rock,1980
12633,31324,Sodom,Pop/Rock,1980
12880,807028,Duane Allman,Pop/Rock,1960
13057,3669,Southern Culture on the Skids,Pop/Rock,1980
13076,988655,Donna the Buffalo,Pop/Rock,1980
13109,792018,East 17,Pop/Rock,1990
13138,796736,Elvin Bishop,Pop/Rock,1960
13162,195305,Focus,Pop/Rock,1960
13172,655273,Ginger Baker,Pop/Rock,1950
13291,575379,The Vaselines,Pop/Rock,1980
13298,186096,Voivod,Pop/Rock,1980
13300,255347,Savatage,Pop/Rock,1980
13303,420504,Overkill,Pop/Rock,1980
13311,957340,Helloween,Pop/Rock,1980
13353,743760,Alien Sex Fiend,Pop/Rock,1980
13382,118384,Comus,Pop/Rock,1960
13446,86826,Irene Cara,Pop/Rock,1960
13467,391003,Norman Greenbaum,Pop/Rock,1960
13471,768231,Ian Matthews,Pop/Rock,1960
13472,946563,Ghost,Pop/Rock,1980
13483,120615,Joe Brown,Pop/Rock,1970
13498,126048,The Fabulous Thunderbirds,Pop/Rock,1970
13506,601079,Eros Ramazzotti,Pop/Rock,1980
13622,884686,Norah Jones,Pop/Rock,2000
13770,335302,Mayhem,Pop/Rock,1980
13802,808212,Charlie Sexton,Pop/Rock,1980
13825,254215,Wilco,Pop/Rock,1990
13826,280960,Lone Justice,Pop/Rock,1980
13828,381371,Neko Case,Pop/Rock,1990
13860,117064,Connie Francis,Pop/Rock,1950
13902,126782,Lambchop,Pop/Rock,1990
13908,660053,Grandaddy,Pop/Rock,1990
13913,775323,Chris Isaak,Pop/Rock,1980
13937,178645,Altered Images,Pop/Rock,1980
13943,838875,Scritti Politti,Pop/Rock,1970
13954,574143,moe.,Pop/Rock,1990
14065,300035,Judge,Pop/Rock,1980
14106,125822,Exodus,Pop/Rock,1980
14117,217963,John D. Loudermilk,Pop/Rock,1950
14183,93849,Black Oak Arkansas,Pop/Rock,1970
14230,129637,Crass,Pop/Rock,1970
14242,116087,Leatherface,Pop/Rock,1980
14261,45475,Steve Vai,Pop/Rock,1980
14271,400279,Randy Rhoads,Pop/Rock,1970
14340,927650,Tiffany,Pop/Rock,1980
14441,771470,Boy George,Pop/Rock,1980
14473,644880,David Crosby,Pop/Rock,1960
14475,752673,Steve Forbert,Pop/Rock,1970
14516,950441,Go West,Pop/Rock,1980
14551,765900,Keith Emerson,Pop/Rock,1960
14616,597875,Adriano Celentano,Pop/Rock,1960
14690,775406,Chris Cornell,Pop/Rock,1980
14750,621423,Alejandro Escovedo,Pop/Rock,1970
14754,808336,Ryan Adams,Pop/Rock,1990
14756,951375,Damien Jurado,Pop/Rock,1990
14759,290853,Richard Ashcroft,Pop/Rock,1990
14785,1233067,Danny Thompson,Pop/Rock,1960
14787,98278,Keith Relf,Pop/Rock,1960
14847,751623,Paul Stanley,Pop/Rock,1970
14854,62270,Bobby Rydell,Pop/Rock,1950
14856,186390,Donny Osmond,Pop/Rock,1960
14859,620578,Tommy Sands,Pop/Rock,1950
14956,524522,Joan Osborne,Pop/Rock,1990
14987,296802,Lisa Loeb,Pop/Rock,1980
15002,926237,Third Eye Blind,Pop/Rock,1990
15003,936095,Tonic,Pop/Rock,1990
15025,790078,Fad Gadget,Pop/Rock,1970
15211,852810,Pop Will Eat Itself,Pop/Rock,1980
15249,491802,The Records,Pop/Rock,1970
15259,762177,The Feelies,Pop/Rock,1970
15323,194743,Grace Slick,Pop/Rock,1960
15345,426564,Ozomatli,Pop/Rock,1990
15475,80118,Kevin Ayers,Pop/Rock,1960
15554,221445,Machine Head,Pop/Rock,1990
15642,77732,Bobby Vee,Pop/Rock,1950
15678,25394,Trio,Pop/Rock,1980
15693,263852,Dion & the Belmonts,Pop/Rock,1950
15718,147316,Le Tigre,Pop/Rock,1990
15749,287407,Jessica Simpson,Pop/Rock,1990
15754,673933,Mandy Moore,Pop/Rock,1990
15785,62860,Blue Rodeo,Pop/Rock,1980
15811,316611,Marvelous 3,Pop/Rock,1990
15815,574102,Dashboard Confessional,Pop/Rock,1990
15929,614982,Brand X,Pop/Rock,1970
15981,20862,Paul Collins,Pop/Rock,1970
16131,669303,Golden Earring,Pop/Rock,1960
16222,919846,54-40,Pop/Rock,1980
16237,168993,Elf,Pop/Rock,1970
16277,166291,Eagle-Eye Cherry,Pop/Rock,1990
16371,647834,George Thorogood,Pop/Rock,1970
16392,198302,The Dream Syndicate,Pop/Rock,1980
16407,931567,Titus Turner,Pop/Rock,1950
16558,861757,David Foster,Pop/Rock,1970
16601,123754,Christopher Cross,Pop/Rock,1970
16605,459616,Michael McDonald,Pop/Rock,1970
16606,585896,The Wallflowers,Pop/Rock,1990
16610,1006765,Rodriguez,Pop/Rock,1960
16618,33666,Supertramp,Pop/Rock,1970
16774,219655,Little River Band,Pop/Rock,1970
16837,6310,Semisonic,Pop/Rock,1990
16873,208997,Rita Coolidge,Pop/Rock,1960
16947,32433,Texas,Pop/Rock,1980
17007,679219,Dave Alvin,Pop/Rock,1970
17019,341672,No Doubt,Pop/Rock,1980
17025,956268,Wilson Phillips,Pop/Rock,1980
17056,38291,Sneaky Pete Kleinow,Pop/Rock,1970
17059,111963,Chris Whitley,Pop/Rock,1980
17084,198922,Esquerita,Pop/Rock,1950
17088,320442,Racer X,Pop/Rock,1980
17520,97949,The International Submarine Band,Pop/Rock,1960
17755,144538,Curved Air,Pop/Rock,1970
17860,639056,Bush,Pop/Rock,1990
18002,757177,The Blasters,Pop/Rock,1970
18017,923801,The Young Rascals,Pop/Rock,1960
18072,227697,Robbie Williams,Pop/Rock,1990
18106,482572,The West Coast Pop Art Experimental Band,Pop/Rock,1960
18125,605965,Atlanta Rhythm Section,Pop/Rock,1970
18245,927373,Adolescents,Pop/Rock,1980
18276,170879,Fall Out Boy,Pop/Rock,2000
18283,670226,The Killers,Pop/Rock,2000
18326,800926,Emitt Rhodes,Pop/Rock,1960
18367,217792,Ringo Starr,Pop/Rock,1950
18427,746915,Paul Carrack,Pop/Rock,1970
18489,80649,The Libertines,Pop/Rock,2000
18491,216212,John Cooper Clarke,Pop/Rock,1970
18593,130036,"Crosby, Stills, Nash & Young",Pop/Rock,1960
18595,133528,Jo Jo Gunne,Pop/Rock,1970
18624,57497,B-Movie,Pop/Rock,1970
18628,355412,Placebo,Pop/Rock,1990
18719,28002,Shinedown,Pop/Rock,2000
18720,178799,Staind,Pop/Rock,1990
18724,923323,3 Doors Down,Pop/Rock,1990
18760,128266,Country Joe & the Fish,Pop/Rock,1960
18816,355555,Nitzer Ebb,Pop/Rock,1980
18829,856451,Naked Eyes,Pop/Rock,1980
18856,168110,Downset,Pop/Rock,1990
18858,289599,Linkin Park,Pop/Rock,1990
18911,10982,All,Pop/Rock,1980
18915,75394,Bad Manners,Pop/Rock,1980
18958,843106,Peter Sarstedt,Pop/Rock,1950
19016,168256,Eva Cassidy,Pop/Rock,1980
19189,250976,Low,Pop/Rock,1990
19362,600640,Tindersticks,Pop/Rock,1990
19363,620603,Edwyn Collins,Pop/Rock,1980
19381,614455,The Brian Jonestown Massacre,Pop/Rock,1990
19427,354883,Poe,Pop/Rock,1990
19477,574119,Sugar Ray,Pop/Rock,1990
19485,371879,Pure Prairie League,Pop/Rock,1970
19614,948333,Haircut 100,Pop/Rock,1980
19646,143749,fIREHOSE,Pop/Rock,1980
19698,98944,Kix,Pop/Rock,1970
19834,285693,Robert Gordon,Pop/Rock,1970
19839,7305,Tony Levin,Pop/Rock,1970
19855,405522,The Mothers of Invention,Pop/Rock,1960
19860,502978,Oysterhead,Pop/Rock,2000
19898,762990,The Chantays,Pop/Rock,1960
20038,681154,Yeah Yeah Yeahs,Pop/Rock,2000
20041,762885,Avril Lavigne,Pop/Rock,2000
20043,804431,Dropkick Murphys,Pop/Rock,1990
20117,1839912,Ugly Casanova,Pop/Rock,2000
20130,26825,Paula Cole,Pop/Rock,1990
20194,151549,Belinda Carlisle,Pop/Rock,1980
20196,194246,Garbage,Pop/Rock,1990
20197,365542,Katrina & the Waves,Pop/Rock,1980
20201,785101,Bananarama,Pop/Rock,1980
20252,385180,Masters of Reality,Pop/Rock,1980
20262,747243,Trouble,Pop/Rock,1980
20374,333181,Ronnie Self,Pop/Rock,1950
20438,184471,Unsane,Pop/Rock,1980
20467,105129,Collective Soul,Pop/Rock,1990
20469,120412,Cowboy Mouth,Pop/Rock,1990
20481,745568,Seven Mary Three,Pop/Rock,1990
20555,153915,Duncan Sheik,Pop/Rock,1990
20563,796281,Five for Fighting,Pop/Rock,1990
20611,123363,Converge,Pop/Rock,1990
20754,611104,Atomic Kitten,Pop/Rock,1990
20758,888484,Michelle Branch,Pop/Rock,1990
20759,956973,Hilary Duff,Pop/Rock,1990
20806,388972,Material Issue,Pop/Rock,1980
20808,739041,Fountains of Wayne,Pop/Rock,1990
20998,121746,Cornershop,Pop/Rock,1990
21175,89305,The Jesus Lizard,Pop/Rock,1980
21176,748262,Shellac,Pop/Rock,1990
21217,16361,Patty Duke,Pop/Rock,1960
21231,180023,Tortoise,Pop/Rock,1990
21308,170228,Tygers of Pan Tang,Pop/Rock,1970
21465,845668,Phil Manzanera,Pop/Rock,1970
21500,387095,Reel Big Fish,Pop/Rock,1990
21504,899223,The Slackers,Pop/Rock,1990
21505,953552,Dance Hall Crashers,Pop/Rock,1990
21512,918290,The Tubes,Pop/Rock,1970
21538,298766,Plastic Bertrand,Pop/Rock,1970
21625,503283,Miracle Legion,Pop/Rock,1980
21678,763611,The Godz,Pop/Rock,1960
21701,411745,The Radiators,Pop/Rock,1970
21825,158540,Gavin DeGraw,Pop/Rock,2000
21827,217641,M. Ward,Pop/Rock,1990
21833,724720,Donavon Frankenreiter,Pop/Rock,2000
21914,280692,Jill Sobule,Pop/Rock,1980
22075,299429,Possessed,Pop/Rock,1980
22165,86927,Kelly Clarkson,Pop/Rock,2000
22171,831733,Lindsay Lohan,Pop/Rock,1980
22196,35864,Shriekback,Pop/Rock,1980
22346,243012,Rockpile,Pop/Rock,1970
22409,836394,Scissor Sisters,Pop/Rock,2000
22410,854854,Rufus Wainwright,Pop/Rock,1990
22578,206465,Type O Negative,Pop/Rock,1980
22657,484607,Millencolin,Pop/Rock,1990
22678,132095,Crucifix,Pop/Rock,1980
22762,921598,Sugar,Pop/Rock,1990
22781,8245,Spanky & Our Gang,Pop/Rock,1960
22788,137401,The Cyrkle,Pop/Rock,1960
22791,562663,Harpers Bizarre,Pop/Rock,1960
22876,329232,New Found Glory,Pop/Rock,1990
22877,480956,Midtown,Pop/Rock,1990
22955,487663,The Pop Group,Pop/Rock,1970
22976,796957,Fifty Foot Hose,Pop/Rock,1960
22999,952834,Mano Negra,Pop/Rock,1980
23034,755496,Silver Jews,Pop/Rock,1990
23173,502774,The Rivieras,Pop/Rock,1950
23183,806822,Joey Dee,Pop/Rock,1960
23187,897322,The Remains,Pop/Rock,1960
23230,342691,Pilot,Pop/Rock,1970
23236,648097,Guadalcanal Diary,Pop/Rock,1980
23285,607094,Toadies,Pop/Rock,1980
23292,810592,Machines of Loving Grace,Pop/Rock,1990
23344,222959,MC 900 Ft. Jesus,Pop/Rock,1980
23489,1777836,Bobby Brown,Pop/Rock,1970
23531,944933,Captain Beyond,Pop/Rock,1970
23628,920117,The Uniques,Pop/Rock,1960
23720,938878,Brownsville Station,Pop/Rock,1960
23758,74857,The Hondells,Pop/Rock,1960
23794,840289,Seaweed,Pop/Rock,1990
23844,961152,Yo-Yo,Pop/Rock,1990
23854,109274,Chris Montez,Pop/Rock,1960
24122,545534,Cannibal Corpse,Pop/Rock,1980
24125,752303,Snapcase,Pop/Rock,1990
24161,854203,Porcupine Tree,Pop/Rock,1980
24246,847970,Piebald,Pop/Rock,1990
24336,840215,Peter Murphy,Pop/Rock,1970
24515,42589,The Beta Band,Pop/Rock,1990
24519,620056,Bright Eyes,Pop/Rock,1990
24524,1113,t.A.T.u.,Pop/Rock,2000
24527,201983,Westlife,Pop/Rock,1990
24530,537444,Busted,Pop/Rock,2000
24569,2006721,The Dead Weather,Pop/Rock,2000
24624,490860,Three Days Grace,Pop/Rock,1990
24635,49797,Steven Tyler,Pop/Rock,1970
24645,288154,Rose Tattoo,Pop/Rock,1970
24708,1498,All That Remains,Pop/Rock,1990
24718,71373,BBMak,Pop/Rock,1990
24747,297839,Sasha,Pop/Rock,1990
24874,224925,Joseph Arthur,Pop/Rock,1990
24956,368578,Puffy AmiYumi,Pop/Rock,1990
25034,847374,Jesse McCartney,Pop/Rock,1990
25035,949780,Hanson,Pop/Rock,1990
25079,616296,Ashlee Simpson,Pop/Rock,2000
25093,101415,Ivy,Pop/Rock,1990
25097,597239,April March,Pop/Rock,1990
25138,347151,Jewel,Pop/Rock,1990
25175,21009,Slash,Pop/Rock,1980
25303,487012,The Wailers,Pop/Rock,1950
25327,812388,Kenny Wayne Shepherd,Pop/Rock,1990
25350,450991,The Weepies,Pop/Rock,2000
25408,246169,Whiskeytown,Pop/Rock,1990
25415,753833,Son Volt,Pop/Rock,1990
25441,868616,Nickelback,Pop/Rock,1990
25443,988627,Fuel,Pop/Rock,1990
25484,97384,Kings of Leon,Pop/Rock,2000
25487,520583,My Morning Jacket,Pop/Rock,1990
25528,185383,French Kicks,Pop/Rock,2000
25834,201958,General Public,Pop/Rock,1980
25867,35719,Steve Harley,Pop/Rock,1970
26096,641709,Camera Obscura,Pop/Rock,1990
26174,118979,The Dandy Warhols,Pop/Rock,1990
26199,615304,Ash,Pop/Rock,1990
26228,949211,Girls at Our Best!,Pop/Rock,1980
26247,938638,Buffalo Tom,Pop/Rock,1980
26380,492521,Mina,Pop/Rock,1960
26399,485525,The Starting Line,Pop/Rock,1990
26432,625278,Broken Social Scene,Pop/Rock,1990
26439,32401,Triumph,Pop/Rock,1970
26447,527024,Bruce Dickinson,Pop/Rock,1970
26543,174132,Tuxedomoon,Pop/Rock,1970
26594,232598,Days of the New,Pop/Rock,1990
26683,495288,The Rentals,Pop/Rock,1990
26760,128141,Cranes,Pop/Rock,1980
26774,921542,A.R. Kane,Pop/Rock,1980
26794,757070,Steve Perry,Pop/Rock,1970
26795,813463,John Waite,Pop/Rock,1970
26804,31606,Smog,Pop/Rock,1990
26940,135059,Classics IV,Pop/Rock,1960
27189,103447,Kim Wilde,Pop/Rock,1980
27206,520215,Cactus,Pop/Rock,1970
27281,186545,Mae,Pop/Rock,2000
27284,595768,Motion City Soundtrack,Pop/Rock,1990
27348,412393,Melanie C,Pop/Rock,1990
27381,919853,The Tokens,Pop/Rock,1960
27417,85806,Billy Thorpe,Pop/Rock,1950
27674,85038,Iron and Wine,Pop/Rock,2000
27678,233147,Howie Day,Pop/Rock,1990
27860,412710,Milli Vanilli,Pop/Rock,1980
28030,787696,Dicks,Pop/Rock,1980
28069,100659,Labradford,Pop/Rock,1990
28243,16132,Sevendust,Pop/Rock,1990
28248,509156,Mudvayne,Pop/Rock,1990
28251,791734,Coal Chamber,Pop/Rock,1990
28254,855232,Powerman 5000,Pop/Rock,1990
28261,48123,Marine Girls,Pop/Rock,1980
28326,919603,Animal Collective,Pop/Rock,1990
28371,621101,The Bouncing Souls,Pop/Rock,1980
28372,755745,Swingin' Utters,Pop/Rock,1990
28376,333903,New Musik,Pop/Rock,1980
28539,528895,Vasco Rossi,Pop/Rock,1980
28543,285232,Maroon 5,Pop/Rock,1990
28545,514563,Muse,Pop/Rock,1990
28618,40294,Swell,Pop/Rock,1990
28722,38061,The Bats,Pop/Rock,1980
28724,299567,Poi Dog Pondering,Pop/Rock,1980
28739,944293,Calexico,Pop/Rock,1990
28853,814871,Mad Season,Pop/Rock,1990
28910,395187,Nena,Pop/Rock,1980
28949,318085,Panic! At the Disco,Pop/Rock,2000
28967,1811373,Space,Pop/Rock,1970
28987,172582,Franz Ferdinand,Pop/Rock,2000
29027,164686,Ben Folds Five,Pop/Rock,1990
29071,574033,Modern English,Pop/Rock,1970
29104,769486,Iced Earth,Pop/Rock,1980
29236,896817,The Sapphires,Pop/Rock,1960
29371,925450,Three Dog Night,Pop/Rock,1960
29655,831448,Romeo Void,Pop/Rock,1970
29741,90945,Colosseum,Pop/Rock,1960
30047,58934,The Faint,Pop/Rock,1990
30050,343455,Pinback,Pop/Rock,1990
30094,886961,Relient K,Pop/Rock,1990
30096,45560,The Mars Volta,Pop/Rock,2000
30147,159655,Shadows Fall,Pop/Rock,1990
30148,175379,Unearth,Pop/Rock,1990
30149,382565,Mastodon,Pop/Rock,1990
30158,400815,Nerf Herder,Pop/Rock,1990
30289,178621,Ultra Vivid Scene,Pop/Rock,1980
30384,333766,New Model Army,Pop/Rock,1980
30422,953875,Danielle Dax,Pop/Rock,1970
30594,253408,White Lion,Pop/Rock,1980
30623,618230,Alex Van Halen,Pop/Rock,1970
30948,185543,Green Jelly,Pop/Rock,1980
31020,226556,Dead or Alive,Pop/Rock,1980
31164,509524,Al Kooper,Pop/Rock,1960
31304,169099,Lush,Pop/Rock,1980
31509,84258,Kirsty MacColl,Pop/Rock,1980
31700,176332,Right Said Fred,Pop/Rock,1990
31766,674600,Manfred Mann's Earth Band,Pop/Rock,1970
31866,919282,999,Pop/Rock,1970
31998,24113,Tripping Daisy,Pop/Rock,1990
32345,393031,Ohio Express,Pop/Rock,1960
32456,491174,Suffocation,Pop/Rock,1990
32498,349180,Jimmy Barnes,Pop/Rock,1970
32538,176256,Elisa,Pop/Rock,2000
32905,164189,Cast,Pop/Rock,1990
32910,257160,Jon Brion,Pop/Rock,1990
33200,892586,The Normal,Pop/Rock,1970
33243,14724,Paul Brady,Pop/Rock,1980
33306,22875,Temple of the Dog,Pop/Rock,1990
33329,105030,Coheed and Cambria,Pop/Rock,2000
33415,107556,Kimya Dawson,Pop/Rock,1990
33574,347451,Plumb,Pop/Rock,2000
33822,406657,Meredith Brooks,Pop/Rock,1990
33961,213273,Joey McIntyre,Pop/Rock,1980
34077,793898,Cockney Rejects,Pop/Rock,1980
34082,125829,Coralie Cl??ment,Pop/Rock,2000
34248,829033,Huey Lewis,Pop/Rock,1970
34699,214383,U.K.,Pop/Rock,1970
34741,194578,Gang Green,Pop/Rock,1980
34829,11620,Alvin Lee,Pop/Rock,1960
34879,477001,Texas Tornados,Pop/Rock,1980
34931,40743,Audioslave,Pop/Rock,2000
35219,12491,Taylor Dayne,Pop/Rock,1980
35360,754587,Steve Hackett,Pop/Rock,1970
35391,20984,Shelley Fabares,Pop/Rock,1940
35419,166658,Hum,Pop/Rock,1980
35674,276626,Rob Halford,Pop/Rock,1970
35681,609590,Caribou,Pop/Rock,2000
35684,753422,The Album Leaf,Pop/Rock,2000
36164,317571,Jennifer Love Hewitt,Pop/Rock,1990
36234,36975,The Babys,Pop/Rock,1970
36435,191070,Wang Chung,Pop/Rock,1970
36572,122381,Jacques Dutronc,Pop/Rock,1960
36933,832507,Rocket from the Crypt,Pop/Rock,1990
37064,97395,Colin Hay,Pop/Rock,1980
37065,98467,Klaatu,Pop/Rock,1970
37077,937397,Brooklyn Bridge,Pop/Rock,1960
37130,178371,Egg Hunt,Pop/Rock,1980
37220,11046,Tracy Bonham,Pop/Rock,1990
37276,490852,Our Lady Peace,Pop/Rock,1990
37279,746302,Train,Pop/Rock,1990
37352,334243,Phil Ramone,Pop/Rock,1960
37355,595559,Arif Mardin,Pop/Rock,1960
37359,855619,Primitive Radio Gods,Pop/Rock,1990
37596,857621,Keane,Pop/Rock,1990
37697,957340,Nightwish,Pop/Rock,1980
37722,483716,The Vapors,Pop/Rock,1970
37740,753868,Sigur R?3s,Pop/Rock,1990
37904,793456,Electronic,Pop/Rock,1990
37907,49026,Switchfoot,Pop/Rock,1990
38458,206658,Werly Fairburn,Pop/Rock,1950
38496,860561,The Fray,Pop/Rock,2000
38521,159410,Further Seems Forever,Pop/Rock,1990
38539,467444,Of Montreal,Pop/Rock,1990
38635,577358,The Used,Pop/Rock,2000
38870,48265,Silverchair,Pop/Rock,1990
39403,921359,The Tremeloes,Pop/Rock,1950
39404,167296,Caravan,Pop/Rock,1960
39408,470588,Mick Taylor,Pop/Rock,1960
39656,934243,Tom Robinson Band,Pop/Rock,1970
39776,185999,Voodoo Glow Skulls,Pop/Rock,1990
40183,419102,The Shins,Pop/Rock,1990
40336,866271,Nick Cave & the Bad Seeds,Pop/Rock,1980
40426,175025,Eddie Vedder,Pop/Rock,1980
40495,307102,Puddle of Mudd,Pop/Rock,1990
40639,376793,Brandi Carlile,Pop/Rock,2000
40661,207290,DeVotchKa,Pop/Rock,1990
40665,890559,The Olivia Tremor Control,Pop/Rock,1990
40672,614933,Four Year Strong,Pop/Rock,2000
40674,777009,Comeback Kid,Pop/Rock,2000
40871,919418,The Thermals,Pop/Rock,2000
40910,31442,Anastacia,Pop/Rock,1980
40923,29604,Shocking Blue,Pop/Rock,1960
40928,558954,Natasha Bedingfield,Pop/Rock,2000
40943,138071,The Dresden Dolls,Pop/Rock,2000
40948,664770,Gorillaz,Pop/Rock,2000
40960,760214,Dr. Dog,Pop/Rock,1990
40980,894962,The Postal Service,Pop/Rock,2000
41069,818702,Grizzly Bear,Pop/Rock,2000
41143,840708,Vengaboys,Pop/Rock,1990
41195,511257,The Soup Dragons,Pop/Rock,1980
41197,800695,Fun Lovin' Criminals,Pop/Rock,1990
41216,666244,The Knife,Pop/Rock,2000
41280,59758,Bleeding Through,Pop/Rock,2000
41345,952786,Goldfrapp,Pop/Rock,1990
41348,2717459,Tori Kelly,Pop/Rock,2000
41386,691371,Avenged Sevenfold,Pop/Rock,1990
41391,94792,Imogen Heap,Pop/Rock,1990
41393,367188,Rihanna,Pop/Rock,2000
41394,503460,Adele,Pop/Rock,2000
41397,859589,Katy Perry,Pop/Rock,2000
41398,994823,Lady Gaga,Pop/Rock,2000
41399,2124046,Florence + the Machine,Pop/Rock,2000
41438,221059,Jason Mraz,Pop/Rock,1990
41468,919239,4 Non Blondes,Pop/Rock,1980
41549,185591,Arcade Fire,Pop/Rock,2000
41598,710448,Katie Herzig,Pop/Rock,1990
41627,134051,Elbow,Pop/Rock,1990
41630,380651,Metric,Pop/Rock,2000
41650,222153,Hot Hot Heat,Pop/Rock,1990
41665,469519,Ashley Tisdale,Pop/Rock,1990
41720,631275,Emmure,Pop/Rock,2000
41747,2165952,Justin Bieber,Pop/Rock,2000
41760,166505,Feist,Pop/Rock,1990
41764,663645,Bon Iver,Pop/Rock,2000
41773,681718,Xiu Xiu,Pop/Rock,2000
41797,237773,Mark Ronson,Pop/Rock,1990
41799,639748,Blue,Pop/Rock,1990
41800,44776,Beth Hart,Pop/Rock,1990
41803,386560,Regina Spektor,Pop/Rock,2000
41804,562850,Lily Allen,Pop/Rock,2000
41838,277572,Phoenix,Pop/Rock,1990
41839,662416,Vampire Weekend,Pop/Rock,2000
41840,843995,Peter Bjorn and John,Pop/Rock,1990
41849,923745,Aaron Carter,Pop/Rock,1990
41874,109628,Panda Bear,Pop/Rock,2000
41883,9218,Tracey Thorn,Pop/Rock,1980
41940,233136,Josh Ritter,Pop/Rock,1990
41988,472102,Taylor Swift,Pop/Rock,2000
41999,2995948,Flume,Pop/Rock,2010
42007,2397780,Bridgit Mendler,Pop/Rock,2010
42011,128873,Jack White,Pop/Rock,1990
42013,755918,The Black Keys,Pop/Rock,2000
42030,548397,Jonas Brothers,Pop/Rock,2000
42031,720741,Hannah Montana,Pop/Rock,2000
42033,922398,Sugababes,Pop/Rock,1990
42034,1013375,The Script,Pop/Rock,2000
42050,798658,Emil?-ana Torrini,Pop/Rock,1990
42087,1032082,Bruno Mars,Pop/Rock,2000
42119,749743,Steps,Pop/Rock,1990
42135,528243,Mystery Jets,Pop/Rock,2000
42136,990368,Foals,Pop/Rock,2000
42151,94861,Kings of Convenience,Pop/Rock,1990
42154,182302,Ray LaMontagne,Pop/Rock,2000
42157,755152,The Avett Brothers,Pop/Rock,2000
42159,896216,Band of Horses,Pop/Rock,2000
42161,990366,Fleet Foxes,Pop/Rock,2000
42202,1422105,Karnivool,Pop/Rock,2000
42233,1029659,LMFAO,Pop/Rock,2000
42265,219428,Uncle Kracker,Pop/Rock,1990
42282,2048033,Sleigh Bells,Pop/Rock,2000
42283,2290007,Grimes,Pop/Rock,2010
42286,280897,Deerhunter,Pop/Rock,2000
42296,187422,Funeral for a Friend,Pop/Rock,2000
42344,944700,Leona Lewis,Pop/Rock,2000
42345,996127,Demi Lovato,Pop/Rock,2000
42355,670734,Goldfinger,Pop/Rock,1990
42368,1055021,Bombay Bicycle Club,Pop/Rock,2000
42372,822089,Jordan Knight,Pop/Rock,1980
42380,736318,All Time Low,Pop/Rock,2000
42382,866215,McFly,Pop/Rock,2000
42405,485365,Thirty Seconds to Mars,Pop/Rock,1990
42406,569600,Angels & Airwaves,Pop/Rock,2000
42458,1072350,Mumford & Sons,Pop/Rock,2000
42459,2031918,Local Natives,Pop/Rock,2000
42460,2867436,Alt-J,Pop/Rock,2010
42493,366681,Paramore,Pop/Rock,2000
42511,180516,Dave Grohl,Pop/Rock,1990
42535,580300,Sufjan Stevens,Pop/Rock,1990
42536,588246,Los Campesinos!,Pop/Rock,2000
42537,1507678,The Middle East,Pop/Rock,2000
42538,2873356,The Lumineers,Pop/Rock,2000
42589,479149,A Perfect Circle,Pop/Rock,1990
42634,586843,The Dangerous Summer,Pop/Rock,2000
42638,985076,The Wonder Years,Pop/Rock,2000
42639,1391526,La Dispute,Pop/Rock,2000
42644,2639628,Ed Sheeran,Pop/Rock,2000
42659,325357,Arctic Monkeys,Pop/Rock,2000
42660,573391,Paolo Nutini,Pop/Rock,2000
42682,460390,Okkervil River,Pop/Rock,2000
42690,80358,Kesha,Pop/Rock,2000
42692,2598627,Skylar Grey,Pop/Rock,2010
42703,2507287,The Wanted,Pop/Rock,2010
42704,2766592,One Direction,Pop/Rock,2010
42747,3006966,Jon Bellion,Pop/Rock,2010
42757,588887,Thom Yorke,Pop/Rock,1980
42761,2814183,King Krule,Pop/Rock,2010
